bssid,ssid,canal,banda,rssi,x,y,largura_canal
02:00:00:00:01:00:00,CORP-VOIP,6,2.4,-58,3.0,1.8,20
02:00:00:00:01:00:00,CORP-VOIP,6,2.4,-50,9.0,1.8,20
02:00:00:00:01:00:00,CORP-VOIP,6,2.4,-64,15.0,1.8,20
02:00:00:00:01:00:00,CORP-VOIP,6,2.4,-75,21.0,1.8,20
02:00:00:00:01:00:00,CORP-VOIP,6,2.4,-84,27.0,1.8,20
02:00:00:00:01:00:00,CORP-VOIP,6,2.4,-56,3.0,5.4,20
02:00:00:00:01:00:00,CORP-VOIP,6,2.4,-43,9.0,5.4,20
02:00:00:00:01:00:00,CORP-VOIP,6,2.4,-63,15.0,5.4,20
02:00:00:00:01:00:00,CORP-VOIP,6,2.4,-75,21.0,5.4,20
02:00:00:00:01:00:00,CORP-VOIP,6,2.4,-84,27.0,5.4,20
02:00:00:00:01:00:00,CORP-VOIP,6,2.4,-61,3.0,9.0,20
02:00:00:00:01:00:00,CORP-VOIP,6,2.4,-57,9.0,9.0,20
02:00:00:00:01:00:00,CORP-VOIP,6,2.4,-66,15.0,9.0,20
02:00:00:00:01:00:00,CORP-VOIP,6,2.4,-76,21.0,9.0,20
02:00:00:00:01:00:00,CORP-VOIP,6,2.4,-84,27.0,9.0,20
02:00:00:00:01:00:00,CORP-VOIP,6,2.4,-67,3.0,12.6,20
02:00:00:00:01:00:00,CORP-VOIP,6,2.4,-65,9.0,12.6,20
02:00:00:00:01:00:00,CORP-VOIP,6,2.4,-71,15.0,12.6,20
02:00:00:00:01:00:00,CORP-VOIP,6,2.4,-78,21.0,12.6,20
02:00:00:00:01:00:00,CORP-VOIP,6,2.4,-86,27.0,12.6,20
02:00:00:00:01:00:00,CORP-VOIP,6,2.4,-73,3.0,16.2,20
02:00:00:00:01:00:00,CORP-VOIP,6,2.4,-72,9.0,16.2,20
02:00:00:00:01:00:00,CORP-VOIP,6,2.4,-76,15.0,16.2,20
02:00:00:00:01:00:00,CORP-VOIP,6,2.4,-82,21.0,16.2,20
02:00:00:00:01:00:00,CORP-VOIP,6,2.4,-88,27.0,16.2,20
02:00:00:00:01:00:01,CORP-VOIP,36,5,-56,3.0,1.8,80
02:00:00:00:01:00:01,CORP-VOIP,36,5,-48,9.0,1.8,80
02:00:00:00:01:00:01,CORP-VOIP,36,5,-62,15.0,1.8,80
02:00:00:00:01:00:01,CORP-VOIP,36,5,-73,21.0,1.8,80
02:00:00:00:01:00:01,CORP-VOIP,36,5,-82,27.0,1.8,80
02:00:00:00:01:00:01,CORP-VOIP,36,5,-54,3.0,5.4,80
02:00:00:00:01:00:01,CORP-VOIP,36,5,-41,9.0,5.4,80
02:00:00:00:01:00:01,CORP-VOIP,36,5,-61,15.0,5.4,80
02:00:00:00:01:00:01,CORP-VOIP,36,5,-73,21.0,5.4,80
02:00:00:00:01:00:01,CORP-VOIP,36,5,-82,27.0,5.4,80
02:00:00:00:01:00:01,CORP-VOIP,36,5,-59,3.0,9.0,80
02:00:00:00:01:00:01,CORP-VOIP,36,5,-55,9.0,9.0,80
02:00:00:00:01:00:01,CORP-VOIP,36,5,-64,15.0,9.0,80
02:00:00:00:01:00:01,CORP-VOIP,36,5,-74,21.0,9.0,80
02:00:00:00:01:00:01,CORP-VOIP,36,5,-82,27.0,9.0,80
02:00:00:00:01:00:01,CORP-VOIP,36,5,-65,3.0,12.6,80
02:00:00:00:01:00:01,CORP-VOIP,36,5,-63,9.0,12.6,80
02:00:00:00:01:00:01,CORP-VOIP,36,5,-69,15.0,12.6,80
02:00:00:00:01:00:01,CORP-VOIP,36,5,-76,21.0,12.6,80
02:00:00:00:01:00:01,CORP-VOIP,36,5,-84,27.0,12.6,80
02:00:00:00:01:00:01,CORP-VOIP,36,5,-71,3.0,16.2,80
02:00:00:00:01:00:01,CORP-VOIP,36,5,-70,9.0,16.2,80
02:00:00:00:01:00:01,CORP-VOIP,36,5,-74,15.0,16.2,80
02:00:00:00:01:00:01,CORP-VOIP,36,5,-80,21.0,16.2,80
02:00:00:00:01:00:01,CORP-VOIP,36,5,-86,27.0,16.2,80
02:00:00:00:01:00:00,REDE-LAB,6,2.4,-58,3.0,1.8,20
02:00:00:00:01:00:00,REDE-LAB,6,2.4,-50,9.0,1.8,20
02:00:00:00:01:00:00,REDE-LAB,6,2.4,-64,15.0,1.8,20
02:00:00:00:01:00:00,REDE-LAB,6,2.4,-75,21.0,1.8,20
02:00:00:00:01:00:00,REDE-LAB,6,2.4,-84,27.0,1.8,20
02:00:00:00:01:00:00,REDE-LAB,6,2.4,-56,3.0,5.4,20
02:00:00:00:01:00:00,REDE-LAB,6,2.4,-43,9.0,5.4,20
02:00:00:00:01:00:00,REDE-LAB,6,2.4,-63,15.0,5.4,20
02:00:00:00:01:00:00,REDE-LAB,6,2.4,-75,21.0,5.4,20
02:00:00:00:01:00:00,REDE-LAB,6,2.4,-84,27.0,5.4,20
02:00:00:00:01:00:00,REDE-LAB,6,2.4,-61,3.0,9.0,20
02:00:00:00:01:00:00,REDE-LAB,6,2.4,-57,9.0,9.0,20
02:00:00:00:01:00:00,REDE-LAB,6,2.4,-66,15.0,9.0,20
02:00:00:00:01:00:00,REDE-LAB,6,2.4,-76,21.0,9.0,20
02:00:00:00:01:00:00,REDE-LAB,6,2.4,-84,27.0,9.0,20
02:00:00:00:01:00:00,REDE-LAB,6,2.4,-67,3.0,12.6,20
02:00:00:00:01:00:00,REDE-LAB,6,2.4,-65,9.0,12.6,20
02:00:00:00:01:00:00,REDE-LAB,6,2.4,-71,15.0,12.6,20
02:00:00:00:01:00:00,REDE-LAB,6,2.4,-78,21.0,12.6,20
02:00:00:00:01:00:00,REDE-LAB,6,2.4,-86,27.0,12.6,20
02:00:00:00:01:00:00,REDE-LAB,6,2.4,-73,3.0,16.2,20
02:00:00:00:01:00:00,REDE-LAB,6,2.4,-72,9.0,16.2,20
02:00:00:00:01:00:00,REDE-LAB,6,2.4,-76,15.0,16.2,20
02:00:00:00:01:00:00,REDE-LAB,6,2.4,-82,21.0,16.2,20
02:00:00:00:01:00:00,REDE-LAB,6,2.4,-88,27.0,16.2,20
02:00:00:00:01:00:01,REDE-LAB,36,5,-56,3.0,1.8,80
02:00:00:00:01:00:01,REDE-LAB,36,5,-48,9.0,1.8,80
02:00:00:00:01:00:01,REDE-LAB,36,5,-62,15.0,1.8,80
02:00:00:00:01:00:01,REDE-LAB,36,5,-73,21.0,1.8,80
02:00:00:00:01:00:01,REDE-LAB,36,5,-82,27.0,1.8,80
02:00:00:00:01:00:01,REDE-LAB,36,5,-54,3.0,5.4,80
02:00:00:00:01:00:01,REDE-LAB,36,5,-41,9.0,5.4,80
02:00:00:00:01:00:01,REDE-LAB,36,5,-61,15.0,5.4,80
02:00:00:00:01:00:01,REDE-LAB,36,5,-73,21.0,5.4,80
02:00:00:00:01:00:01,REDE-LAB,36,5,-82,27.0,5.4,80
02:00:00:00:01:00:01,REDE-LAB,36,5,-59,3.0,9.0,80
02:00:00:00:01:00:01,REDE-LAB,36,5,-55,9.0,9.0,80
02:00:00:00:01:00:01,REDE-LAB,36,5,-64,15.0,9.0,80
02:00:00:00:01:00:01,REDE-LAB,36,5,-74,21.0,9.0,80
02:00:00:00:01:00:01,REDE-LAB,36,5,-82,27.0,9.0,80
02:00:00:00:01:00:01,REDE-LAB,36,5,-65,3.0,12.6,80
02:00:00:00:01:00:01,REDE-LAB,36,5,-63,9.0,12.6,80
02:00:00:00:01:00:01,REDE-LAB,36,5,-69,15.0,12.6,80
02:00:00:00:01:00:01,REDE-LAB,36,5,-76,21.0,12.6,80
02:00:00:00:01:00:01,REDE-LAB,36,5,-84,27.0,12.6,80
02:00:00:00:01:00:01,REDE-LAB,36,5,-71,3.0,16.2,80
02:00:00:00:01:00:01,REDE-LAB,36,5,-70,9.0,16.2,80
02:00:00:00:01:00:01,REDE-LAB,36,5,-74,15.0,16.2,80
02:00:00:00:01:00:01,REDE-LAB,36,5,-80,21.0,16.2,80
02:00:00:00:01:00:01,REDE-LAB,36,5,-86,27.0,16.2,80
02:00:00:00:01:00:00,GUEST-LAB,6,2.4,-58,3.0,1.8,20
02:00:00:00:01:00:00,GUEST-LAB,6,2.4,-50,9.0,1.8,20
02:00:00:00:01:00:00,GUEST-LAB,6,2.4,-64,15.0,1.8,20
02:00:00:00:01:00:00,GUEST-LAB,6,2.4,-75,21.0,1.8,20
02:00:00:00:01:00:00,GUEST-LAB,6,2.4,-84,27.0,1.8,20
02:00:00:00:01:00:00,GUEST-LAB,6,2.4,-56,3.0,5.4,20
02:00:00:00:01:00:00,GUEST-LAB,6,2.4,-43,9.0,5.4,20
02:00:00:00:01:00:00,GUEST-LAB,6,2.4,-63,15.0,5.4,20
02:00:00:00:01:00:00,GUEST-LAB,6,2.4,-75,21.0,5.4,20
02:00:00:00:01:00:00,GUEST-LAB,6,2.4,-84,27.0,5.4,20
02:00:00:00:01:00:00,GUEST-LAB,6,2.4,-61,3.0,9.0,20
02:00:00:00:01:00:00,GUEST-LAB,6,2.4,-57,9.0,9.0,20
02:00:00:00:01:00:00,GUEST-LAB,6,2.4,-66,15.0,9.0,20
02:00:00:00:01:00:00,GUEST-LAB,6,2.4,-76,21.0,9.0,20
02:00:00:00:01:00:00,GUEST-LAB,6,2.4,-84,27.0,9.0,20
02:00:00:00:01:00:00,GUEST-LAB,6,2.4,-67,3.0,12.6,20
02:00:00:00:01:00:00,GUEST-LAB,6,2.4,-65,9.0,12.6,20
02:00:00:00:01:00:00,GUEST-LAB,6,2.4,-71,15.0,12.6,20
02:00:00:00:01:00:00,GUEST-LAB,6,2.4,-78,21.0,12.6,20
02:00:00:00:01:00:00,GUEST-LAB,6,2.4,-86,27.0,12.6,20
02:00:00:00:01:00:00,GUEST-LAB,6,2.4,-73,3.0,16.2,20
02:00:00:00:01:00:00,GUEST-LAB,6,2.4,-72,9.0,16.2,20
02:00:00:00:01:00:00,GUEST-LAB,6,2.4,-76,15.0,16.2,20
02:00:00:00:01:00:00,GUEST-LAB,6,2.4,-82,21.0,16.2,20
02:00:00:00:01:00:00,GUEST-LAB,6,2.4,-88,27.0,16.2,20
02:00:00:00:01:00:01,GUEST-LAB,36,5,-56,3.0,1.8,80
02:00:00:00:01:00:01,GUEST-LAB,36,5,-48,9.0,1.8,80
02:00:00:00:01:00:01,GUEST-LAB,36,5,-62,15.0,1.8,80
02:00:00:00:01:00:01,GUEST-LAB,36,5,-73,21.0,1.8,80
02:00:00:00:01:00:01,GUEST-LAB,36,5,-82,27.0,1.8,80
02:00:00:00:01:00:01,GUEST-LAB,36,5,-54,3.0,5.4,80
02:00:00:00:01:00:01,GUEST-LAB,36,5,-41,9.0,5.4,80
02:00:00:00:01:00:01,GUEST-LAB,36,5,-61,15.0,5.4,80
02:00:00:00:01:00:01,GUEST-LAB,36,5,-73,21.0,5.4,80
02:00:00:00:01:00:01,GUEST-LAB,36,5,-82,27.0,5.4,80
02:00:00:00:01:00:01,GUEST-LAB,36,5,-59,3.0,9.0,80
02:00:00:00:01:00:01,GUEST-LAB,36,5,-55,9.0,9.0,80
02:00:00:00:01:00:01,GUEST-LAB,36,5,-64,15.0,9.0,80
02:00:00:00:01:00:01,GUEST-LAB,36,5,-74,21.0,9.0,80
02:00:00:00:01:00:01,GUEST-LAB,36,5,-82,27.0,9.0,80
02:00:00:00:01:00:01,GUEST-LAB,36,5,-65,3.0,12.6,80
02:00:00:00:01:00:01,GUEST-LAB,36,5,-63,9.0,12.6,80
02:00:00:00:01:00:01,GUEST-LAB,36,5,-69,15.0,12.6,80
02:00:00:00:01:00:01,GUEST-LAB,36,5,-76,21.0,12.6,80
02:00:00:00:01:00:01,GUEST-LAB,36,5,-84,27.0,12.6,80
02:00:00:00:01:00:01,GUEST-LAB,36,5,-71,3.0,16.2,80
02:00:00:00:01:00:01,GUEST-LAB,36,5,-70,9.0,16.2,80
02:00:00:00:01:00:01,GUEST-LAB,36,5,-74,15.0,16.2,80
02:00:00:00:01:00:01,GUEST-LAB,36,5,-80,21.0,16.2,80
02:00:00:00:01:00:01,GUEST-LAB,36,5,-86,27.0,16.2,80
02:00:00:00:02:00:00,CORP-CFTV,11,2.4,-70,3.0,1.8,20
02:00:00:00:02:00:00,CORP-CFTV,11,2.4,-58,9.0,1.8,20
02:00:00:00:02:00:00,CORP-CFTV,11,2.4,-49,15.0,1.8,20
02:00:00:00:02:00:00,CORP-CFTV,11,2.4,-64,21.0,1.8,20
02:00:00:00:02:00:00,CORP-CFTV,11,2.4,-75,27.0,1.8,20
02:00:00:00:02:00:00,CORP-CFTV,11,2.4,-70,3.0,5.4,20
02:00:00:00:02:00:00,CORP-CFTV,11,2.4,-57,9.0,5.4,20
02:00:00:00:02:00:00,CORP-CFTV,11,2.4,-44,15.0,5.4,20
02:00:00:00:02:00:00,CORP-CFTV,11,2.4,-63,21.0,5.4,20
02:00:00:00:02:00:00,CORP-CFTV,11,2.4,-75,27.0,5.4,20
02:00:00:00:02:00:00,CORP-CFTV,11,2.4,-72,3.0,9.0,20
02:00:00:00:02:00:00,CORP-CFTV,11,2.4,-61,9.0,9.0,20
02:00:00:00:02:00:00,CORP-CFTV,11,2.4,-57,15.0,9.0,20
02:00:00:00:02:00:00,CORP-CFTV,11,2.4,-66,21.0,9.0,20
02:00:00:00:02:00:00,CORP-CFTV,11,2.4,-76,27.0,9.0,20
02:00:00:00:02:00:00,CORP-CFTV,11,2.4,-75,3.0,12.6,20
02:00:00:00:02:00:00,CORP-CFTV,11,2.4,-68,9.0,12.6,20
02:00:00:00:02:00:00,CORP-CFTV,11,2.4,-66,15.0,12.6,20
02:00:00:00:02:00:00,CORP-CFTV,11,2.4,-71,21.0,12.6,20
02:00:00:00:02:00:00,CORP-CFTV,11,2.4,-78,27.0,12.6,20
02:00:00:00:02:00:00,CORP-CFTV,11,2.4,-79,3.0,16.2,20
02:00:00:00:02:00:00,CORP-CFTV,11,2.4,-74,9.0,16.2,20
02:00:00:00:02:00:00,CORP-CFTV,11,2.4,-73,15.0,16.2,20
02:00:00:00:02:00:00,CORP-CFTV,11,2.4,-76,21.0,16.2,20
02:00:00:00:02:00:00,CORP-CFTV,11,2.4,-82,27.0,16.2,20
02:00:00:00:02:00:01,CORP-CFTV,52,5,-68,3.0,1.8,20
02:00:00:00:02:00:01,CORP-CFTV,52,5,-56,9.0,1.8,20
02:00:00:00:02:00:01,CORP-CFTV,52,5,-47,15.0,1.8,20
02:00:00:00:02:00:01,CORP-CFTV,52,5,-62,21.0,1.8,20
02:00:00:00:02:00:01,CORP-CFTV,52,5,-73,27.0,1.8,20
02:00:00:00:02:00:01,CORP-CFTV,52,5,-68,3.0,5.4,20
02:00:00:00:02:00:01,CORP-CFTV,52,5,-55,9.0,5.4,20
02:00:00:00:02:00:01,CORP-CFTV,52,5,-42,15.0,5.4,20
02:00:00:00:02:00:01,CORP-CFTV,52,5,-61,21.0,5.4,20
02:00:00:00:02:00:01,CORP-CFTV,52,5,-73,27.0,5.4,20
02:00:00:00:02:00:01,CORP-CFTV,52,5,-70,3.0,9.0,20
02:00:00:00:02:00:01,CORP-CFTV,52,5,-59,9.0,9.0,20
02:00:00:00:02:00:01,CORP-CFTV,52,5,-55,15.0,9.0,20
02:00:00:00:02:00:01,CORP-CFTV,52,5,-64,21.0,9.0,20
02:00:00:00:02:00:01,CORP-CFTV,52,5,-74,27.0,9.0,20
02:00:00:00:02:00:01,CORP-CFTV,52,5,-73,3.0,12.6,20
02:00:00:00:02:00:01,CORP-CFTV,52,5,-66,9.0,12.6,20
02:00:00:00:02:00:01,CORP-CFTV,52,5,-64,15.0,12.6,20
02:00:00:00:02:00:01,CORP-CFTV,52,5,-69,21.0,12.6,20
02:00:00:00:02:00:01,CORP-CFTV,52,5,-76,27.0,12.6,20
02:00:00:00:02:00:01,CORP-CFTV,52,5,-77,3.0,16.2,20
02:00:00:00:02:00:01,CORP-CFTV,52,5,-72,9.0,16.2,20
02:00:00:00:02:00:01,CORP-CFTV,52,5,-71,15.0,16.2,20
02:00:00:00:02:00:01,CORP-CFTV,52,5,-74,21.0,16.2,20
02:00:00:00:02:00:01,CORP-CFTV,52,5,-80,27.0,16.2,20
02:00:00:00:02:00:00,LAB-SENSORNET,11,2.4,-70,3.0,1.8,20
02:00:00:00:02:00:00,LAB-SENSORNET,11,2.4,-58,9.0,1.8,20
02:00:00:00:02:00:00,LAB-SENSORNET,11,2.4,-49,15.0,1.8,20
02:00:00:00:02:00:00,LAB-SENSORNET,11,2.4,-64,21.0,1.8,20
02:00:00:00:02:00:00,LAB-SENSORNET,11,2.4,-75,27.0,1.8,20
02:00:00:00:02:00:00,LAB-SENSORNET,11,2.4,-70,3.0,5.4,20
02:00:00:00:02:00:00,LAB-SENSORNET,11,2.4,-57,9.0,5.4,20
02:00:00:00:02:00:00,LAB-SENSORNET,11,2.4,-44,15.0,5.4,20
02:00:00:00:02:00:00,LAB-SENSORNET,11,2.4,-63,21.0,5.4,20
02:00:00:00:02:00:00,LAB-SENSORNET,11,2.4,-75,27.0,5.4,20
02:00:00:00:02:00:00,LAB-SENSORNET,11,2.4,-72,3.0,9.0,20
02:00:00:00:02:00:00,LAB-SENSORNET,11,2.4,-61,9.0,9.0,20
02:00:00:00:02:00:00,LAB-SENSORNET,11,2.4,-57,15.0,9.0,20
02:00:00:00:02:00:00,LAB-SENSORNET,11,2.4,-66,21.0,9.0,20
02:00:00:00:02:00:00,LAB-SENSORNET,11,2.4,-76,27.0,9.0,20
02:00:00:00:02:00:00,LAB-SENSORNET,11,2.4,-75,3.0,12.6,20
02:00:00:00:02:00:00,LAB-SENSORNET,11,2.4,-68,9.0,12.6,20
02:00:00:00:02:00:00,LAB-SENSORNET,11,2.4,-66,15.0,12.6,20
02:00:00:00:02:00:00,LAB-SENSORNET,11,2.4,-71,21.0,12.6,20
02:00:00:00:02:00:00,LAB-SENSORNET,11,2.4,-78,27.0,12.6,20
02:00:00:00:02:00:00,LAB-SENSORNET,11,2.4,-79,3.0,16.2,20
02:00:00:00:02:00:00,LAB-SENSORNET,11,2.4,-74,9.0,16.2,20
02:00:00:00:02:00:00,LAB-SENSORNET,11,2.4,-73,15.0,16.2,20
02:00:00:00:02:00:00,LAB-SENSORNET,11,2.4,-76,21.0,16.2,20
02:00:00:00:02:00:00,LAB-SENSORNET,11,2.4,-82,27.0,16.2,20
02:00:00:00:02:00:01,LAB-SENSORNET,52,5,-68,3.0,1.8,20
02:00:00:00:02:00:01,LAB-SENSORNET,52,5,-56,9.0,1.8,20
02:00:00:00:02:00:01,LAB-SENSORNET,52,5,-47,15.0,1.8,20
02:00:00:00:02:00:01,LAB-SENSORNET,52,5,-62,21.0,1.8,20
02:00:00:00:02:00:01,LAB-SENSORNET,52,5,-73,27.0,1.8,20
02:00:00:00:02:00:01,LAB-SENSORNET,52,5,-68,3.0,5.4,20
02:00:00:00:02:00:01,LAB-SENSORNET,52,5,-55,9.0,5.4,20
02:00:00:00:02:00:01,LAB-SENSORNET,52,5,-42,15.0,5.4,20
02:00:00:00:02:00:01,LAB-SENSORNET,52,5,-61,21.0,5.4,20
02:00:00:00:02:00:01,LAB-SENSORNET,52,5,-73,27.0,5.4,20
02:00:00:00:02:00:01,LAB-SENSORNET,52,5,-70,3.0,9.0,20
02:00:00:00:02:00:01,LAB-SENSORNET,52,5,-59,9.0,9.0,20
02:00:00:00:02:00:01,LAB-SENSORNET,52,5,-55,15.0,9.0,20
02:00:00:00:02:00:01,LAB-SENSORNET,52,5,-64,21.0,9.0,20
02:00:00:00:02:00:01,LAB-SENSORNET,52,5,-74,27.0,9.0,20
02:00:00:00:02:00:01,LAB-SENSORNET,52,5,-73,3.0,12.6,20
02:00:00:00:02:00:01,LAB-SENSORNET,52,5,-66,9.0,12.6,20
02:00:00:00:02:00:01,LAB-SENSORNET,52,5,-64,15.0,12.6,20
02:00:00:00:02:00:01,LAB-SENSORNET,52,5,-69,21.0,12.6,20
02:00:00:00:02:00:01,LAB-SENSORNET,52,5,-76,27.0,12.6,20
02:00:00:00:02:00:01,LAB-SENSORNET,52,5,-77,3.0,16.2,20
02:00:00:00:02:00:01,LAB-SENSORNET,52,5,-72,9.0,16.2,20
02:00:00:00:02:00:01,LAB-SENSORNET,52,5,-71,15.0,16.2,20
02:00:00:00:02:00:01,LAB-SENSORNET,52,5,-74,21.0,16.2,20
02:00:00:00:02:00:01,LAB-SENSORNET,52,5,-80,27.0,16.2,20
02:00:00:00:02:00:00,CORP-TI,11,2.4,-70,3.0,1.8,20
02:00:00:00:02:00:00,CORP-TI,11,2.4,-58,9.0,1.8,20
02:00:00:00:02:00:00,CORP-TI,11,2.4,-49,15.0,1.8,20
02:00:00:00:02:00:00,CORP-TI,11,2.4,-64,21.0,1.8,20
02:00:00:00:02:00:00,CORP-TI,11,2.4,-75,27.0,1.8,20
02:00:00:00:02:00:00,CORP-TI,11,2.4,-70,3.0,5.4,20
02:00:00:00:02:00:00,CORP-TI,11,2.4,-57,9.0,5.4,20
02:00:00:00:02:00:00,CORP-TI,11,2.4,-44,15.0,5.4,20
02:00:00:00:02:00:00,CORP-TI,11,2.4,-63,21.0,5.4,20
02:00:00:00:02:00:00,CORP-TI,11,2.4,-75,27.0,5.4,20
02:00:00:00:02:00:00,CORP-TI,11,2.4,-72,3.0,9.0,20
02:00:00:00:02:00:00,CORP-TI,11,2.4,-61,9.0,9.0,20
02:00:00:00:02:00:00,CORP-TI,11,2.4,-57,15.0,9.0,20
02:00:00:00:02:00:00,CORP-TI,11,2.4,-66,21.0,9.0,20
02:00:00:00:02:00:00,CORP-TI,11,2.4,-76,27.0,9.0,20
02:00:00:00:02:00:00,CORP-TI,11,2.4,-75,3.0,12.6,20
02:00:00:00:02:00:00,CORP-TI,11,2.4,-68,9.0,12.6,20
02:00:00:00:02:00:00,CORP-TI,11,2.4,-66,15.0,12.6,20
02:00:00:00:02:00:00,CORP-TI,11,2.4,-71,21.0,12.6,20
02:00:00:00:02:00:00,CORP-TI,11,2.4,-78,27.0,12.6,20
02:00:00:00:02:00:00,CORP-TI,11,2.4,-79,3.0,16.2,20
02:00:00:00:02:00:00,CORP-TI,11,2.4,-74,9.0,16.2,20
02:00:00:00:02:00:00,CORP-TI,11,2.4,-73,15.0,16.2,20
02:00:00:00:02:00:00,CORP-TI,11,2.4,-76,21.0,16.2,20
02:00:00:00:02:00:00,CORP-TI,11,2.4,-82,27.0,16.2,20
02:00:00:00:02:00:01,CORP-TI,52,5,-68,3.0,1.8,20
02:00:00:00:02:00:01,CORP-TI,52,5,-56,9.0,1.8,20
02:00:00:00:02:00:01,CORP-TI,52,5,-47,15.0,1.8,20
02:00:00:00:02:00:01,CORP-TI,52,5,-62,21.0,1.8,20
02:00:00:00:02:00:01,CORP-TI,52,5,-73,27.0,1.8,20
02:00:00:00:02:00:01,CORP-TI,52,5,-68,3.0,5.4,20
02:00:00:00:02:00:01,CORP-TI,52,5,-55,9.0,5.4,20
02:00:00:00:02:00:01,CORP-TI,52,5,-42,15.0,5.4,20
02:00:00:00:02:00:01,CORP-TI,52,5,-61,21.0,5.4,20
02:00:00:00:02:00:01,CORP-TI,52,5,-73,27.0,5.4,20
02:00:00:00:02:00:01,CORP-TI,52,5,-70,3.0,9.0,20
02:00:00:00:02:00:01,CORP-TI,52,5,-59,9.0,9.0,20
02:00:00:00:02:00:01,CORP-TI,52,5,-55,15.0,9.0,20
02:00:00:00:02:00:01,CORP-TI,52,5,-64,21.0,9.0,20
02:00:00:00:02:00:01,CORP-TI,52,5,-74,27.0,9.0,20
02:00:00:00:02:00:01,CORP-TI,52,5,-73,3.0,12.6,20
02:00:00:00:02:00:01,CORP-TI,52,5,-66,9.0,12.6,20
02:00:00:00:02:00:01,CORP-TI,52,5,-64,15.0,12.6,20
02:00:00:00:02:00:01,CORP-TI,52,5,-69,21.0,12.6,20
02:00:00:00:02:00:01,CORP-TI,52,5,-76,27.0,12.6,20
02:00:00:00:02:00:01,CORP-TI,52,5,-77,3.0,16.2,20
02:00:00:00:02:00:01,CORP-TI,52,5,-72,9.0,16.2,20
02:00:00:00:02:00:01,CORP-TI,52,5,-71,15.0,16.2,20
02:00:00:00:02:00:01,CORP-TI,52,5,-74,21.0,16.2,20
02:00:00:00:02:00:01,CORP-TI,52,5,-80,27.0,16.2,20
02:00:00:00:03:00:00,CORP-VISITANTES,1,2.4,-78,3.0,1.8,20
02:00:00:00:03:00:00,CORP-VISITANTES,1,2.4,-69,9.0,1.8,20
02:00:00:00:03:00:00,CORP-VISITANTES,1,2.4,-58,15.0,1.8,20
02:00:00:00:03:00:00,CORP-VISITANTES,1,2.4,-57,21.0,1.8,20
02:00:00:00:03:00:00,CORP-VISITANTES,1,2.4,-68,27.0,1.8,20
02:00:00:00:03:00:00,CORP-VISITANTES,1,2.4,-78,3.0,5.4,20
02:00:00:00:03:00:00,CORP-VISITANTES,1,2.4,-67,9.0,5.4,20
02:00:00:00:03:00:00,CORP-VISITANTES,1,2.4,-51,15.0,5.4,20
02:00:00:00:03:00:00,CORP-VISITANTES,1,2.4,-50,21.0,5.4,20
02:00:00:00:03:00:00,CORP-VISITANTES,1,2.4,-66,27.0,5.4,20
02:00:00:00:03:00:00,CORP-VISITANTES,1,2.4,-78,3.0,9.0,20
02:00:00:00:03:00:00,CORP-VISITANTES,1,2.4,-68,9.0,9.0,20
02:00:00:00:03:00:00,CORP-VISITANTES,1,2.4,-55,15.0,9.0,20
02:00:00:00:03:00:00,CORP-VISITANTES,1,2.4,-54,21.0,9.0,20
02:00:00:00:03:00:00,CORP-VISITANTES,1,2.4,-67,27.0,9.0,20
02:00:00:00:03:00:00,CORP-VISITANTES,1,2.4,-79,3.0,12.6,20
02:00:00:00:03:00:00,CORP-VISITANTES,1,2.4,-71,9.0,12.6,20
02:00:00:00:03:00:00,CORP-VISITANTES,1,2.4,-63,15.0,12.6,20
02:00:00:00:03:00:00,CORP-VISITANTES,1,2.4,-62,21.0,12.6,20
02:00:00:00:03:00:00,CORP-VISITANTES,1,2.4,-71,27.0,12.6,20
02:00:00:00:03:00:00,CORP-VISITANTES,1,2.4,-82,3.0,16.2,20
02:00:00:00:03:00:00,CORP-VISITANTES,1,2.4,-75,9.0,16.2,20
02:00:00:00:03:00:00,CORP-VISITANTES,1,2.4,-70,15.0,16.2,20
02:00:00:00:03:00:00,CORP-VISITANTES,1,2.4,-70,21.0,16.2,20
02:00:00:00:03:00:00,CORP-VISITANTES,1,2.4,-75,27.0,16.2,20
02:00:00:00:03:00:01,CORP-VISITANTES,52,5,-76,3.0,1.8,40
02:00:00:00:03:00:01,CORP-VISITANTES,52,5,-67,9.0,1.8,40
02:00:00:00:03:00:01,CORP-VISITANTES,52,5,-56,15.0,1.8,40
02:00:00:00:03:00:01,CORP-VISITANTES,52,5,-55,21.0,1.8,40
02:00:00:00:03:00:01,CORP-VISITANTES,52,5,-66,27.0,1.8,40
02:00:00:00:03:00:01,CORP-VISITANTES,52,5,-76,3.0,5.4,40
02:00:00:00:03:00:01,CORP-VISITANTES,52,5,-65,9.0,5.4,40
02:00:00:00:03:00:01,CORP-VISITANTES,52,5,-49,15.0,5.4,40
02:00:00:00:03:00:01,CORP-VISITANTES,52,5,-48,21.0,5.4,40
02:00:00:00:03:00:01,CORP-VISITANTES,52,5,-64,27.0,5.4,40
02:00:00:00:03:00:01,CORP-VISITANTES,52,5,-76,3.0,9.0,40
02:00:00:00:03:00:01,CORP-VISITANTES,52,5,-66,9.0,9.0,40
02:00:00:00:03:00:01,CORP-VISITANTES,52,5,-53,15.0,9.0,40
02:00:00:00:03:00:01,CORP-VISITANTES,52,5,-52,21.0,9.0,40
02:00:00:00:03:00:01,CORP-VISITANTES,52,5,-65,27.0,9.0,40
02:00:00:00:03:00:01,CORP-VISITANTES,52,5,-77,3.0,12.6,40
02:00:00:00:03:00:01,CORP-VISITANTES,52,5,-69,9.0,12.6,40
02:00:00:00:03:00:01,CORP-VISITANTES,52,5,-61,15.0,12.6,40
02:00:00:00:03:00:01,CORP-VISITANTES,52,5,-60,21.0,12.6,40
02:00:00:00:03:00:01,CORP-VISITANTES,52,5,-69,27.0,12.6,40
02:00:00:00:03:00:01,CORP-VISITANTES,52,5,-80,3.0,16.2,40
02:00:00:00:03:00:01,CORP-VISITANTES,52,5,-73,9.0,16.2,40
02:00:00:00:03:00:01,CORP-VISITANTES,52,5,-68,15.0,16.2,40
02:00:00:00:03:00:01,CORP-VISITANTES,52,5,-68,21.0,16.2,40
02:00:00:00:03:00:01,CORP-VISITANTES,52,5,-73,27.0,16.2,40
02:00:00:00:03:00:00,CORP-IOT,1,2.4,-78,3.0,1.8,20
02:00:00:00:03:00:00,CORP-IOT,1,2.4,-69,9.0,1.8,20
02:00:00:00:03:00:00,CORP-IOT,1,2.4,-58,15.0,1.8,20
02:00:00:00:03:00:00,CORP-IOT,1,2.4,-57,21.0,1.8,20
02:00:00:00:03:00:00,CORP-IOT,1,2.4,-68,27.0,1.8,20
02:00:00:00:03:00:00,CORP-IOT,1,2.4,-78,3.0,5.4,20
02:00:00:00:03:00:00,CORP-IOT,1,2.4,-67,9.0,5.4,20
02:00:00:00:03:00:00,CORP-IOT,1,2.4,-51,15.0,5.4,20
02:00:00:00:03:00:00,CORP-IOT,1,2.4,-50,21.0,5.4,20
02:00:00:00:03:00:00,CORP-IOT,1,2.4,-66,27.0,5.4,20
02:00:00:00:03:00:00,CORP-IOT,1,2.4,-78,3.0,9.0,20
02:00:00:00:03:00:00,CORP-IOT,1,2.4,-68,9.0,9.0,20
02:00:00:00:03:00:00,CORP-IOT,1,2.4,-55,15.0,9.0,20
02:00:00:00:03:00:00,CORP-IOT,1,2.4,-54,21.0,9.0,20
02:00:00:00:03:00:00,CORP-IOT,1,2.4,-67,27.0,9.0,20
02:00:00:00:03:00:00,CORP-IOT,1,2.4,-79,3.0,12.6,20
02:00:00:00:03:00:00,CORP-IOT,1,2.4,-71,9.0,12.6,20
02:00:00:00:03:00:00,CORP-IOT,1,2.4,-63,15.0,12.6,20
02:00:00:00:03:00:00,CORP-IOT,1,2.4,-62,21.0,12.6,20
02:00:00:00:03:00:00,CORP-IOT,1,2.4,-71,27.0,12.6,20
02:00:00:00:03:00:00,CORP-IOT,1,2.4,-82,3.0,16.2,20
02:00:00:00:03:00:00,CORP-IOT,1,2.4,-75,9.0,16.2,20
02:00:00:00:03:00:00,CORP-IOT,1,2.4,-70,15.0,16.2,20
02:00:00:00:03:00:00,CORP-IOT,1,2.4,-70,21.0,16.2,20
02:00:00:00:03:00:00,CORP-IOT,1,2.4,-75,27.0,16.2,20
02:00:00:00:03:00:01,CORP-IOT,52,5,-76,3.0,1.8,40
02:00:00:00:03:00:01,CORP-IOT,52,5,-67,9.0,1.8,40
02:00:00:00:03:00:01,CORP-IOT,52,5,-56,15.0,1.8,40
02:00:00:00:03:00:01,CORP-IOT,52,5,-55,21.0,1.8,40
02:00:00:00:03:00:01,CORP-IOT,52,5,-66,27.0,1.8,40
02:00:00:00:03:00:01,CORP-IOT,52,5,-76,3.0,5.4,40
02:00:00:00:03:00:01,CORP-IOT,52,5,-65,9.0,5.4,40
02:00:00:00:03:00:01,CORP-IOT,52,5,-49,15.0,5.4,40
02:00:00:00:03:00:01,CORP-IOT,52,5,-48,21.0,5.4,40
02:00:00:00:03:00:01,CORP-IOT,52,5,-64,27.0,5.4,40
02:00:00:00:03:00:01,CORP-IOT,52,5,-76,3.0,9.0,40
02:00:00:00:03:00:01,CORP-IOT,52,5,-66,9.0,9.0,40
02:00:00:00:03:00:01,CORP-IOT,52,5,-53,15.0,9.0,40
02:00:00:00:03:00:01,CORP-IOT,52,5,-52,21.0,9.0,40
02:00:00:00:03:00:01,CORP-IOT,52,5,-65,27.0,9.0,40
02:00:00:00:03:00:01,CORP-IOT,52,5,-77,3.0,12.6,40
02:00:00:00:03:00:01,CORP-IOT,52,5,-69,9.0,12.6,40
02:00:00:00:03:00:01,CORP-IOT,52,5,-61,15.0,12.6,40
02:00:00:00:03:00:01,CORP-IOT,52,5,-60,21.0,12.6,40
02:00:00:00:03:00:01,CORP-IOT,52,5,-69,27.0,12.6,40
02:00:00:00:03:00:01,CORP-IOT,52,5,-80,3.0,16.2,40
02:00:00:00:03:00:01,CORP-IOT,52,5,-73,9.0,16.2,40
02:00:00:00:03:00:01,CORP-IOT,52,5,-68,15.0,16.2,40
02:00:00:00:03:00:01,CORP-IOT,52,5,-68,21.0,16.2,40
02:00:00:00:03:00:01,CORP-IOT,52,5,-73,27.0,16.2,40
02:00:00:00:03:00:00,CORP-VOIP,1,2.4,-78,3.0,1.8,20
02:00:00:00:03:00:00,CORP-VOIP,1,2.4,-69,9.0,1.8,20
02:00:00:00:03:00:00,CORP-VOIP,1,2.4,-58,15.0,1.8,20
02:00:00:00:03:00:00,CORP-VOIP,1,2.4,-57,21.0,1.8,20
02:00:00:00:03:00:00,CORP-VOIP,1,2.4,-68,27.0,1.8,20
02:00:00:00:03:00:00,CORP-VOIP,1,2.4,-78,3.0,5.4,20
02:00:00:00:03:00:00,CORP-VOIP,1,2.4,-67,9.0,5.4,20
02:00:00:00:03:00:00,CORP-VOIP,1,2.4,-51,15.0,5.4,20
02:00:00:00:03:00:00,CORP-VOIP,1,2.4,-50,21.0,5.4,20
02:00:00:00:03:00:00,CORP-VOIP,1,2.4,-66,27.0,5.4,20
02:00:00:00:03:00:00,CORP-VOIP,1,2.4,-78,3.0,9.0,20
02:00:00:00:03:00:00,CORP-VOIP,1,2.4,-68,9.0,9.0,20
02:00:00:00:03:00:00,CORP-VOIP,1,2.4,-55,15.0,9.0,20
02:00:00:00:03:00:00,CORP-VOIP,1,2.4,-54,21.0,9.0,20
02:00:00:00:03:00:00,CORP-VOIP,1,2.4,-67,27.0,9.0,20
02:00:00:00:03:00:00,CORP-VOIP,1,2.4,-79,3.0,12.6,20
02:00:00:00:03:00:00,CORP-VOIP,1,2.4,-71,9.0,12.6,20
02:00:00:00:03:00:00,CORP-VOIP,1,2.4,-63,15.0,12.6,20
02:00:00:00:03:00:00,CORP-VOIP,1,2.4,-62,21.0,12.6,20
02:00:00:00:03:00:00,CORP-VOIP,1,2.4,-71,27.0,12.6,20
02:00:00:00:03:00:00,CORP-VOIP,1,2.4,-82,3.0,16.2,20
02:00:00:00:03:00:00,CORP-VOIP,1,2.4,-75,9.0,16.2,20
02:00:00:00:03:00:00,CORP-VOIP,1,2.4,-70,15.0,16.2,20
02:00:00:00:03:00:00,CORP-VOIP,1,2.4,-70,21.0,16.2,20
02:00:00:00:03:00:00,CORP-VOIP,1,2.4,-75,27.0,16.2,20
02:00:00:00:03:00:01,CORP-VOIP,52,5,-76,3.0,1.8,40
02:00:00:00:03:00:01,CORP-VOIP,52,5,-67,9.0,1.8,40
02:00:00:00:03:00:01,CORP-VOIP,52,5,-56,15.0,1.8,40
02:00:00:00:03:00:01,CORP-VOIP,52,5,-55,21.0,1.8,40
02:00:00:00:03:00:01,CORP-VOIP,52,5,-66,27.0,1.8,40
02:00:00:00:03:00:01,CORP-VOIP,52,5,-76,3.0,5.4,40
02:00:00:00:03:00:01,CORP-VOIP,52,5,-65,9.0,5.4,40
02:00:00:00:03:00:01,CORP-VOIP,52,5,-49,15.0,5.4,40
02:00:00:00:03:00:01,CORP-VOIP,52,5,-48,21.0,5.4,40
02:00:00:00:03:00:01,CORP-VOIP,52,5,-64,27.0,5.4,40
02:00:00:00:03:00:01,CORP-VOIP,52,5,-76,3.0,9.0,40
02:00:00:00:03:00:01,CORP-VOIP,52,5,-66,9.0,9.0,40
02:00:00:00:03:00:01,CORP-VOIP,52,5,-53,15.0,9.0,40
02:00:00:00:03:00:01,CORP-VOIP,52,5,-52,21.0,9.0,40
02:00:00:00:03:00:01,CORP-VOIP,52,5,-65,27.0,9.0,40
02:00:00:00:03:00:01,CORP-VOIP,52,5,-77,3.0,12.6,40
02:00:00:00:03:00:01,CORP-VOIP,52,5,-69,9.0,12.6,40
02:00:00:00:03:00:01,CORP-VOIP,52,5,-61,15.0,12.6,40
02:00:00:00:03:00:01,CORP-VOIP,52,5,-60,21.0,12.6,40
02:00:00:00:03:00:01,CORP-VOIP,52,5,-69,27.0,12.6,40
02:00:00:00:03:00:01,CORP-VOIP,52,5,-80,3.0,16.2,40
02:00:00:00:03:00:01,CORP-VOIP,52,5,-73,9.0,16.2,40
02:00:00:00:03:00:01,CORP-VOIP,52,5,-68,15.0,16.2,40
02:00:00:00:03:00:01,CORP-VOIP,52,5,-68,21.0,16.2,40
02:00:00:00:03:00:01,CORP-VOIP,52,5,-73,27.0,16.2,40
02:00:00:00:04:00:00,REDE-LAB,6,2.4,-87,3.0,1.8,20
02:00:00:00:04:00:00,REDE-LAB,6,2.4,-79,9.0,1.8,20
02:00:00:00:04:00:00,REDE-LAB,6,2.4,-69,15.0,1.8,20
02:00:00:00:04:00:00,REDE-LAB,6,2.4,-56,21.0,1.8,20
02:00:00:00:04:00:00,REDE-LAB,6,2.4,-52,27.0,1.8,20
02:00:00:00:04:00:00,REDE-LAB,6,2.4,-87,3.0,5.4,20
02:00:00:00:04:00:00,REDE-LAB,6,2.4,-79,9.0,5.4,20
02:00:00:00:04:00:00,REDE-LAB,6,2.4,-68,15.0,5.4,20
02:00:00:00:04:00:00,REDE-LAB,6,2.4,-54,21.0,5.4,20
02:00:00:00:04:00:00,REDE-LAB,6,2.4,-47,27.0,5.4,20
02:00:00:00:04:00:00,REDE-LAB,6,2.4,-87,3.0,9.0,20
02:00:00:00:04:00:00,REDE-LAB,6,2.4,-79,9.0,9.0,20
02:00:00:00:04:00:00,REDE-LAB,6,2.4,-70,15.0,9.0,20
02:00:00:00:04:00:00,REDE-LAB,6,2.4,-59,21.0,9.0,20
02:00:00:00:04:00:00,REDE-LAB,6,2.4,-57,27.0,9.0,20
02:00:00:00:04:00:00,REDE-LAB,6,2.4,-89,3.0,12.6,20
02:00:00:00:04:00:00,REDE-LAB,6,2.4,-81,9.0,12.6,20
02:00:00:00:04:00:00,REDE-LAB,6,2.4,-74,15.0,12.6,20
02:00:00:00:04:00:00,REDE-LAB,6,2.4,-67,21.0,12.6,20
02:00:00:00:04:00:00,REDE-LAB,6,2.4,-65,27.0,12.6,20
02:00:00:00:04:00:00,REDE-LAB,6,2.4,-90,3.0,16.2,20
02:00:00:00:04:00:00,REDE-LAB,6,2.4,-84,9.0,16.2,20
02:00:00:00:04:00:00,REDE-LAB,6,2.4,-78,15.0,16.2,20
02:00:00:00:04:00:00,REDE-LAB,6,2.4,-73,21.0,16.2,20
02:00:00:00:04:00:00,REDE-LAB,6,2.4,-72,27.0,16.2,20
02:00:00:00:04:00:01,REDE-LAB,100,5,-85,3.0,1.8,20
02:00:00:00:04:00:01,REDE-LAB,100,5,-77,9.0,1.8,20
02:00:00:00:04:00:01,REDE-LAB,100,5,-67,15.0,1.8,20
02:00:00:00:04:00:01,REDE-LAB,100,5,-54,21.0,1.8,20
02:00:00:00:04:00:01,REDE-LAB,100,5,-50,27.0,1.8,20
02:00:00:00:04:00:01,REDE-LAB,100,5,-85,3.0,5.4,20
02:00:00:00:04:00:01,REDE-LAB,100,5,-77,9.0,5.4,20
02:00:00:00:04:00:01,REDE-LAB,100,5,-66,15.0,5.4,20
02:00:00:00:04:00:01,REDE-LAB,100,5,-52,21.0,5.4,20
02:00:00:00:04:00:01,REDE-LAB,100,5,-45,27.0,5.4,20
02:00:00:00:04:00:01,REDE-LAB,100,5,-85,3.0,9.0,20
02:00:00:00:04:00:01,REDE-LAB,100,5,-77,9.0,9.0,20
02:00:00:00:04:00:01,REDE-LAB,100,5,-68,15.0,9.0,20
02:00:00:00:04:00:01,REDE-LAB,100,5,-57,21.0,9.0,20
02:00:00:00:04:00:01,REDE-LAB,100,5,-55,27.0,9.0,20
02:00:00:00:04:00:01,REDE-LAB,100,5,-87,3.0,12.6,20
02:00:00:00:04:00:01,REDE-LAB,100,5,-79,9.0,12.6,20
02:00:00:00:04:00:01,REDE-LAB,100,5,-72,15.0,12.6,20
02:00:00:00:04:00:01,REDE-LAB,100,5,-65,21.0,12.6,20
02:00:00:00:04:00:01,REDE-LAB,100,5,-63,27.0,12.6,20
02:00:00:00:04:00:01,REDE-LAB,100,5,-88,3.0,16.2,20
02:00:00:00:04:00:01,REDE-LAB,100,5,-82,9.0,16.2,20
02:00:00:00:04:00:01,REDE-LAB,100,5,-76,15.0,16.2,20
02:00:00:00:04:00:01,REDE-LAB,100,5,-71,21.0,16.2,20
02:00:00:00:04:00:01,REDE-LAB,100,5,-70,27.0,16.2,20
02:00:00:00:04:00:00,GUEST-LAB,6,2.4,-87,3.0,1.8,20
02:00:00:00:04:00:00,GUEST-LAB,6,2.4,-79,9.0,1.8,20
02:00:00:00:04:00:00,GUEST-LAB,6,2.4,-69,15.0,1.8,20
02:00:00:00:04:00:00,GUEST-LAB,6,2.4,-56,21.0,1.8,20
02:00:00:00:04:00:00,GUEST-LAB,6,2.4,-52,27.0,1.8,20
02:00:00:00:04:00:00,GUEST-LAB,6,2.4,-87,3.0,5.4,20
02:00:00:00:04:00:00,GUEST-LAB,6,2.4,-79,9.0,5.4,20
02:00:00:00:04:00:00,GUEST-LAB,6,2.4,-68,15.0,5.4,20
02:00:00:00:04:00:00,GUEST-LAB,6,2.4,-54,21.0,5.4,20
02:00:00:00:04:00:00,GUEST-LAB,6,2.4,-47,27.0,5.4,20
02:00:00:00:04:00:00,GUEST-LAB,6,2.4,-87,3.0,9.0,20
02:00:00:00:04:00:00,GUEST-LAB,6,2.4,-79,9.0,9.0,20
02:00:00:00:04:00:00,GUEST-LAB,6,2.4,-70,15.0,9.0,20
02:00:00:00:04:00:00,GUEST-LAB,6,2.4,-59,21.0,9.0,20
02:00:00:00:04:00:00,GUEST-LAB,6,2.4,-57,27.0,9.0,20
02:00:00:00:04:00:00,GUEST-LAB,6,2.4,-89,3.0,12.6,20
02:00:00:00:04:00:00,GUEST-LAB,6,2.4,-81,9.0,12.6,20
02:00:00:00:04:00:00,GUEST-LAB,6,2.4,-74,15.0,12.6,20
02:00:00:00:04:00:00,GUEST-LAB,6,2.4,-67,21.0,12.6,20
02:00:00:00:04:00:00,GUEST-LAB,6,2.4,-65,27.0,12.6,20
02:00:00:00:04:00:00,GUEST-LAB,6,2.4,-90,3.0,16.2,20
02:00:00:00:04:00:00,GUEST-LAB,6,2.4,-84,9.0,16.2,20
02:00:00:00:04:00:00,GUEST-LAB,6,2.4,-78,15.0,16.2,20
02:00:00:00:04:00:00,GUEST-LAB,6,2.4,-73,21.0,16.2,20
02:00:00:00:04:00:00,GUEST-LAB,6,2.4,-72,27.0,16.2,20
02:00:00:00:04:00:01,GUEST-LAB,100,5,-85,3.0,1.8,20
02:00:00:00:04:00:01,GUEST-LAB,100,5,-77,9.0,1.8,20
02:00:00:00:04:00:01,GUEST-LAB,100,5,-67,15.0,1.8,20
02:00:00:00:04:00:01,GUEST-LAB,100,5,-54,21.0,1.8,20
02:00:00:00:04:00:01,GUEST-LAB,100,5,-50,27.0,1.8,20
02:00:00:00:04:00:01,GUEST-LAB,100,5,-85,3.0,5.4,20
02:00:00:00:04:00:01,GUEST-LAB,100,5,-77,9.0,5.4,20
02:00:00:00:04:00:01,GUEST-LAB,100,5,-66,15.0,5.4,20
02:00:00:00:04:00:01,GUEST-LAB,100,5,-52,21.0,5.4,20
02:00:00:00:04:00:01,GUEST-LAB,100,5,-45,27.0,5.4,20
02:00:00:00:04:00:01,GUEST-LAB,100,5,-85,3.0,9.0,20
02:00:00:00:04:00:01,GUEST-LAB,100,5,-77,9.0,9.0,20
02:00:00:00:04:00:01,GUEST-LAB,100,5,-68,15.0,9.0,20
02:00:00:00:04:00:01,GUEST-LAB,100,5,-57,21.0,9.0,20
02:00:00:00:04:00:01,GUEST-LAB,100,5,-55,27.0,9.0,20
02:00:00:00:04:00:01,GUEST-LAB,100,5,-87,3.0,12.6,20
02:00:00:00:04:00:01,GUEST-LAB,100,5,-79,9.0,12.6,20
02:00:00:00:04:00:01,GUEST-LAB,100,5,-72,15.0,12.6,20
02:00:00:00:04:00:01,GUEST-LAB,100,5,-65,21.0,12.6,20
02:00:00:00:04:00:01,GUEST-LAB,100,5,-63,27.0,12.6,20
02:00:00:00:04:00:01,GUEST-LAB,100,5,-88,3.0,16.2,20
02:00:00:00:04:00:01,GUEST-LAB,100,5,-82,9.0,16.2,20
02:00:00:00:04:00:01,GUEST-LAB,100,5,-76,15.0,16.2,20
02:00:00:00:04:00:01,GUEST-LAB,100,5,-71,21.0,16.2,20
02:00:00:00:04:00:01,GUEST-LAB,100,5,-70,27.0,16.2,20
02:00:00:00:04:00:00,CORP-CFTV,6,2.4,-87,3.0,1.8,20
02:00:00:00:04:00:00,CORP-CFTV,6,2.4,-79,9.0,1.8,20
02:00:00:00:04:00:00,CORP-CFTV,6,2.4,-69,15.0,1.8,20
02:00:00:00:04:00:00,CORP-CFTV,6,2.4,-56,21.0,1.8,20
02:00:00:00:04:00:00,CORP-CFTV,6,2.4,-52,27.0,1.8,20
02:00:00:00:04:00:00,CORP-CFTV,6,2.4,-87,3.0,5.4,20
02:00:00:00:04:00:00,CORP-CFTV,6,2.4,-79,9.0,5.4,20
02:00:00:00:04:00:00,CORP-CFTV,6,2.4,-68,15.0,5.4,20
02:00:00:00:04:00:00,CORP-CFTV,6,2.4,-54,21.0,5.4,20
02:00:00:00:04:00:00,CORP-CFTV,6,2.4,-47,27.0,5.4,20
02:00:00:00:04:00:00,CORP-CFTV,6,2.4,-87,3.0,9.0,20
02:00:00:00:04:00:00,CORP-CFTV,6,2.4,-79,9.0,9.0,20
02:00:00:00:04:00:00,CORP-CFTV,6,2.4,-70,15.0,9.0,20
02:00:00:00:04:00:00,CORP-CFTV,6,2.4,-59,21.0,9.0,20
02:00:00:00:04:00:00,CORP-CFTV,6,2.4,-57,27.0,9.0,20
02:00:00:00:04:00:00,CORP-CFTV,6,2.4,-89,3.0,12.6,20
02:00:00:00:04:00:00,CORP-CFTV,6,2.4,-81,9.0,12.6,20
02:00:00:00:04:00:00,CORP-CFTV,6,2.4,-74,15.0,12.6,20
02:00:00:00:04:00:00,CORP-CFTV,6,2.4,-67,21.0,12.6,20
02:00:00:00:04:00:00,CORP-CFTV,6,2.4,-65,27.0,12.6,20
02:00:00:00:04:00:00,CORP-CFTV,6,2.4,-90,3.0,16.2,20
02:00:00:00:04:00:00,CORP-CFTV,6,2.4,-84,9.0,16.2,20
02:00:00:00:04:00:00,CORP-CFTV,6,2.4,-78,15.0,16.2,20
02:00:00:00:04:00:00,CORP-CFTV,6,2.4,-73,21.0,16.2,20
02:00:00:00:04:00:00,CORP-CFTV,6,2.4,-72,27.0,16.2,20
02:00:00:00:04:00:01,CORP-CFTV,100,5,-85,3.0,1.8,20
02:00:00:00:04:00:01,CORP-CFTV,100,5,-77,9.0,1.8,20
02:00:00:00:04:00:01,CORP-CFTV,100,5,-67,15.0,1.8,20
02:00:00:00:04:00:01,CORP-CFTV,100,5,-54,21.0,1.8,20
02:00:00:00:04:00:01,CORP-CFTV,100,5,-50,27.0,1.8,20
02:00:00:00:04:00:01,CORP-CFTV,100,5,-85,3.0,5.4,20
02:00:00:00:04:00:01,CORP-CFTV,100,5,-77,9.0,5.4,20
02:00:00:00:04:00:01,CORP-CFTV,100,5,-66,15.0,5.4,20
02:00:00:00:04:00:01,CORP-CFTV,100,5,-52,21.0,5.4,20
02:00:00:00:04:00:01,CORP-CFTV,100,5,-45,27.0,5.4,20
02:00:00:00:04:00:01,CORP-CFTV,100,5,-85,3.0,9.0,20
02:00:00:00:04:00:01,CORP-CFTV,100,5,-77,9.0,9.0,20
02:00:00:00:04:00:01,CORP-CFTV,100,5,-68,15.0,9.0,20
02:00:00:00:04:00:01,CORP-CFTV,100,5,-57,21.0,9.0,20
02:00:00:00:04:00:01,CORP-CFTV,100,5,-55,27.0,9.0,20
02:00:00:00:04:00:01,CORP-CFTV,100,5,-87,3.0,12.6,20
02:00:00:00:04:00:01,CORP-CFTV,100,5,-79,9.0,12.6,20
02:00:00:00:04:00:01,CORP-CFTV,100,5,-72,15.0,12.6,20
02:00:00:00:04:00:01,CORP-CFTV,100,5,-65,21.0,12.6,20
02:00:00:00:04:00:01,CORP-CFTV,100,5,-63,27.0,12.6,20
02:00:00:00:04:00:01,CORP-CFTV,100,5,-88,3.0,16.2,20
02:00:00:00:04:00:01,CORP-CFTV,100,5,-82,9.0,16.2,20
02:00:00:00:04:00:01,CORP-CFTV,100,5,-76,15.0,16.2,20
02:00:00:00:04:00:01,CORP-CFTV,100,5,-71,21.0,16.2,20
02:00:00:00:04:00:01,CORP-CFTV,100,5,-70,27.0,16.2,20
02:00:00:00:05:00:00,LAB-SENSORNET,11,2.4,-63,3.0,1.8,20
02:00:00:00:05:00:00,LAB-SENSORNET,11,2.4,-62,9.0,1.8,20
02:00:00:00:05:00:00,LAB-SENSORNET,11,2.4,-70,15.0,1.8,20
02:00:00:00:05:00:00,LAB-SENSORNET,11,2.4,-78,21.0,1.8,20
02:00:00:00:05:00:00,LAB-SENSORNET,11,2.4,-86,27.0,1.8,20
02:00:00:00:05:00:00,LAB-SENSORNET,11,2.4,-56,3.0,5.4,20
02:00:00:00:05:00:00,LAB-SENSORNET,11,2.4,-53,9.0,5.4,20
02:00:00:00:05:00:00,LAB-SENSORNET,11,2.4,-66,15.0,5.4,20
02:00:00:00:05:00:00,LAB-SENSORNET,11,2.4,-77,21.0,5.4,20
02:00:00:00:05:00:00,LAB-SENSORNET,11,2.4,-85,27.0,5.4,20
02:00:00:00:05:00:00,LAB-SENSORNET,11,2.4,-53,3.0,9.0,20
02:00:00:00:05:00:00,LAB-SENSORNET,11,2.4,-48,9.0,9.0,20
02:00:00:00:05:00:00,LAB-SENSORNET,11,2.4,-65,15.0,9.0,20
02:00:00:00:05:00:00,LAB-SENSORNET,11,2.4,-76,21.0,9.0,20
02:00:00:00:05:00:00,LAB-SENSORNET,11,2.4,-85,27.0,9.0,20
02:00:00:00:05:00:00,LAB-SENSORNET,11,2.4,-59,3.0,12.6,20
02:00:00:00:05:00:00,LAB-SENSORNET,11,2.4,-57,9.0,12.6,20
02:00:00:00:05:00:00,LAB-SENSORNET,11,2.4,-68,15.0,12.6,20
02:00:00:00:05:00:00,LAB-SENSORNET,11,2.4,-77,21.0,12.6,20
02:00:00:00:05:00:00,LAB-SENSORNET,11,2.4,-85,27.0,12.6,20
02:00:00:00:05:00:00,LAB-SENSORNET,11,2.4,-66,3.0,16.2,20
02:00:00:00:05:00:00,LAB-SENSORNET,11,2.4,-65,9.0,16.2,20
02:00:00:00:05:00:00,LAB-SENSORNET,11,2.4,-72,15.0,16.2,20
02:00:00:00:05:00:00,LAB-SENSORNET,11,2.4,-79,21.0,16.2,20
02:00:00:00:05:00:00,LAB-SENSORNET,11,2.4,-87,27.0,16.2,20
02:00:00:00:05:00:01,LAB-SENSORNET,100,5,-61,3.0,1.8,20
02:00:00:00:05:00:01,LAB-SENSORNET,100,5,-60,9.0,1.8,20
02:00:00:00:05:00:01,LAB-SENSORNET,100,5,-68,15.0,1.8,20
02:00:00:00:05:00:01,LAB-SENSORNET,100,5,-76,21.0,1.8,20
02:00:00:00:05:00:01,LAB-SENSORNET,100,5,-84,27.0,1.8,20
02:00:00:00:05:00:01,LAB-SENSORNET,100,5,-54,3.0,5.4,20
02:00:00:00:05:00:01,LAB-SENSORNET,100,5,-51,9.0,5.4,20
02:00:00:00:05:00:01,LAB-SENSORNET,100,5,-64,15.0,5.4,20
02:00:00:00:05:00:01,LAB-SENSORNET,100,5,-75,21.0,5.4,20
02:00:00:00:05:00:01,LAB-SENSORNET,100,5,-83,27.0,5.4,20
02:00:00:00:05:00:01,LAB-SENSORNET,100,5,-51,3.0,9.0,20
02:00:00:00:05:00:01,LAB-SENSORNET,100,5,-46,9.0,9.0,20
02:00:00:00:05:00:01,LAB-SENSORNET,100,5,-63,15.0,9.0,20
02:00:00:00:05:00:01,LAB-SENSORNET,100,5,-74,21.0,9.0,20
02:00:00:00:05:00:01,LAB-SENSORNET,100,5,-83,27.0,9.0,20
02:00:00:00:05:00:01,LAB-SENSORNET,100,5,-57,3.0,12.6,20
02:00:00:00:05:00:01,LAB-SENSORNET,100,5,-55,9.0,12.6,20
02:00:00:00:05:00:01,LAB-SENSORNET,100,5,-66,15.0,12.6,20
02:00:00:00:05:00:01,LAB-SENSORNET,100,5,-75,21.0,12.6,20
02:00:00:00:05:00:01,LAB-SENSORNET,100,5,-83,27.0,12.6,20
02:00:00:00:05:00:01,LAB-SENSORNET,100,5,-64,3.0,16.2,20
02:00:00:00:05:00:01,LAB-SENSORNET,100,5,-63,9.0,16.2,20
02:00:00:00:05:00:01,LAB-SENSORNET,100,5,-70,15.0,16.2,20
02:00:00:00:05:00:01,LAB-SENSORNET,100,5,-77,21.0,16.2,20
02:00:00:00:05:00:01,LAB-SENSORNET,100,5,-85,27.0,16.2,20
02:00:00:00:05:00:00,CORP-TI,11,2.4,-63,3.0,1.8,20
02:00:00:00:05:00:00,CORP-TI,11,2.4,-62,9.0,1.8,20
02:00:00:00:05:00:00,CORP-TI,11,2.4,-70,15.0,1.8,20
02:00:00:00:05:00:00,CORP-TI,11,2.4,-78,21.0,1.8,20
02:00:00:00:05:00:00,CORP-TI,11,2.4,-86,27.0,1.8,20
02:00:00:00:05:00:00,CORP-TI,11,2.4,-56,3.0,5.4,20
02:00:00:00:05:00:00,CORP-TI,11,2.4,-53,9.0,5.4,20
02:00:00:00:05:00:00,CORP-TI,11,2.4,-66,15.0,5.4,20
02:00:00:00:05:00:00,CORP-TI,11,2.4,-77,21.0,5.4,20
02:00:00:00:05:00:00,CORP-TI,11,2.4,-85,27.0,5.4,20
02:00:00:00:05:00:00,CORP-TI,11,2.4,-53,3.0,9.0,20
02:00:00:00:05:00:00,CORP-TI,11,2.4,-48,9.0,9.0,20
02:00:00:00:05:00:00,CORP-TI,11,2.4,-65,15.0,9.0,20
02:00:00:00:05:00:00,CORP-TI,11,2.4,-76,21.0,9.0,20
02:00:00:00:05:00:00,CORP-TI,11,2.4,-85,27.0,9.0,20
02:00:00:00:05:00:00,CORP-TI,11,2.4,-59,3.0,12.6,20
02:00:00:00:05:00:00,CORP-TI,11,2.4,-57,9.0,12.6,20
02:00:00:00:05:00:00,CORP-TI,11,2.4,-68,15.0,12.6,20
02:00:00:00:05:00:00,CORP-TI,11,2.4,-77,21.0,12.6,20
02:00:00:00:05:00:00,CORP-TI,11,2.4,-85,27.0,12.6,20
02:00:00:00:05:00:00,CORP-TI,11,2.4,-66,3.0,16.2,20
02:00:00:00:05:00:00,CORP-TI,11,2.4,-65,9.0,16.2,20
02:00:00:00:05:00:00,CORP-TI,11,2.4,-72,15.0,16.2,20
02:00:00:00:05:00:00,CORP-TI,11,2.4,-79,21.0,16.2,20
02:00:00:00:05:00:00,CORP-TI,11,2.4,-87,27.0,16.2,20
02:00:00:00:05:00:01,CORP-TI,100,5,-61,3.0,1.8,20
02:00:00:00:05:00:01,CORP-TI,100,5,-60,9.0,1.8,20
02:00:00:00:05:00:01,CORP-TI,100,5,-68,15.0,1.8,20
02:00:00:00:05:00:01,CORP-TI,100,5,-76,21.0,1.8,20
02:00:00:00:05:00:01,CORP-TI,100,5,-84,27.0,1.8,20
02:00:00:00:05:00:01,CORP-TI,100,5,-54,3.0,5.4,20
02:00:00:00:05:00:01,CORP-TI,100,5,-51,9.0,5.4,20
02:00:00:00:05:00:01,CORP-TI,100,5,-64,15.0,5.4,20
02:00:00:00:05:00:01,CORP-TI,100,5,-75,21.0,5.4,20
02:00:00:00:05:00:01,CORP-TI,100,5,-83,27.0,5.4,20
02:00:00:00:05:00:01,CORP-TI,100,5,-51,3.0,9.0,20
02:00:00:00:05:00:01,CORP-TI,100,5,-46,9.0,9.0,20
02:00:00:00:05:00:01,CORP-TI,100,5,-63,15.0,9.0,20
02:00:00:00:05:00:01,CORP-TI,100,5,-74,21.0,9.0,20
02:00:00:00:05:00:01,CORP-TI,100,5,-83,27.0,9.0,20
02:00:00:00:05:00:01,CORP-TI,100,5,-57,3.0,12.6,20
02:00:00:00:05:00:01,CORP-TI,100,5,-55,9.0,12.6,20
02:00:00:00:05:00:01,CORP-TI,100,5,-66,15.0,12.6,20
02:00:00:00:05:00:01,CORP-TI,100,5,-75,21.0,12.6,20
02:00:00:00:05:00:01,CORP-TI,100,5,-83,27.0,12.6,20
02:00:00:00:05:00:01,CORP-TI,100,5,-64,3.0,16.2,20
02:00:00:00:05:00:01,CORP-TI,100,5,-63,9.0,16.2,20
02:00:00:00:05:00:01,CORP-TI,100,5,-70,15.0,16.2,20
02:00:00:00:05:00:01,CORP-TI,100,5,-77,21.0,16.2,20
02:00:00:00:05:00:01,CORP-TI,100,5,-85,27.0,16.2,20
02:00:00:00:05:00:00,CORP-VISITANTES,11,2.4,-63,3.0,1.8,20
02:00:00:00:05:00:00,CORP-VISITANTES,11,2.4,-62,9.0,1.8,20
02:00:00:00:05:00:00,CORP-VISITANTES,11,2.4,-70,15.0,1.8,20
02:00:00:00:05:00:00,CORP-VISITANTES,11,2.4,-78,21.0,1.8,20
02:00:00:00:05:00:00,CORP-VISITANTES,11,2.4,-86,27.0,1.8,20
02:00:00:00:05:00:00,CORP-VISITANTES,11,2.4,-56,3.0,5.4,20
02:00:00:00:05:00:00,CORP-VISITANTES,11,2.4,-53,9.0,5.4,20
02:00:00:00:05:00:00,CORP-VISITANTES,11,2.4,-66,15.0,5.4,20
02:00:00:00:05:00:00,CORP-VISITANTES,11,2.4,-77,21.0,5.4,20
02:00:00:00:05:00:00,CORP-VISITANTES,11,2.4,-85,27.0,5.4,20
02:00:00:00:05:00:00,CORP-VISITANTES,11,2.4,-53,3.0,9.0,20
02:00:00:00:05:00:00,CORP-VISITANTES,11,2.4,-48,9.0,9.0,20
02:00:00:00:05:00:00,CORP-VISITANTES,11,2.4,-65,15.0,9.0,20
02:00:00:00:05:00:00,CORP-VISITANTES,11,2.4,-76,21.0,9.0,20
02:00:00:00:05:00:00,CORP-VISITANTES,11,2.4,-85,27.0,9.0,20
02:00:00:00:05:00:00,CORP-VISITANTES,11,2.4,-59,3.0,12.6,20
02:00:00:00:05:00:00,CORP-VISITANTES,11,2.4,-57,9.0,12.6,20
02:00:00:00:05:00:00,CORP-VISITANTES,11,2.4,-68,15.0,12.6,20
02:00:00:00:05:00:00,CORP-VISITANTES,11,2.4,-77,21.0,12.6,20
02:00:00:00:05:00:00,CORP-VISITANTES,11,2.4,-85,27.0,12.6,20
02:00:00:00:05:00:00,CORP-VISITANTES,11,2.4,-66,3.0,16.2,20
02:00:00:00:05:00:00,CORP-VISITANTES,11,2.4,-65,9.0,16.2,20
02:00:00:00:05:00:00,CORP-VISITANTES,11,2.4,-72,15.0,16.2,20
02:00:00:00:05:00:00,CORP-VISITANTES,11,2.4,-79,21.0,16.2,20
02:00:00:00:05:00:00,CORP-VISITANTES,11,2.4,-87,27.0,16.2,20
02:00:00:00:05:00:01,CORP-VISITANTES,100,5,-61,3.0,1.8,20
02:00:00:00:05:00:01,CORP-VISITANTES,100,5,-60,9.0,1.8,20
02:00:00:00:05:00:01,CORP-VISITANTES,100,5,-68,15.0,1.8,20
02:00:00:00:05:00:01,CORP-VISITANTES,100,5,-76,21.0,1.8,20
02:00:00:00:05:00:01,CORP-VISITANTES,100,5,-84,27.0,1.8,20
02:00:00:00:05:00:01,CORP-VISITANTES,100,5,-54,3.0,5.4,20
02:00:00:00:05:00:01,CORP-VISITANTES,100,5,-51,9.0,5.4,20
02:00:00:00:05:00:01,CORP-VISITANTES,100,5,-64,15.0,5.4,20
02:00:00:00:05:00:01,CORP-VISITANTES,100,5,-75,21.0,5.4,20
02:00:00:00:05:00:01,CORP-VISITANTES,100,5,-83,27.0,5.4,20
02:00:00:00:05:00:01,CORP-VISITANTES,100,5,-51,3.0,9.0,20
02:00:00:00:05:00:01,CORP-VISITANTES,100,5,-46,9.0,9.0,20
02:00:00:00:05:00:01,CORP-VISITANTES,100,5,-63,15.0,9.0,20
02:00:00:00:05:00:01,CORP-VISITANTES,100,5,-74,21.0,9.0,20
02:00:00:00:05:00:01,CORP-VISITANTES,100,5,-83,27.0,9.0,20
02:00:00:00:05:00:01,CORP-VISITANTES,100,5,-57,3.0,12.6,20
02:00:00:00:05:00:01,CORP-VISITANTES,100,5,-55,9.0,12.6,20
02:00:00:00:05:00:01,CORP-VISITANTES,100,5,-66,15.0,12.6,20
02:00:00:00:05:00:01,CORP-VISITANTES,100,5,-75,21.0,12.6,20
02:00:00:00:05:00:01,CORP-VISITANTES,100,5,-83,27.0,12.6,20
02:00:00:00:05:00:01,CORP-VISITANTES,100,5,-64,3.0,16.2,20
02:00:00:00:05:00:01,CORP-VISITANTES,100,5,-63,9.0,16.2,20
02:00:00:00:05:00:01,CORP-VISITANTES,100,5,-70,15.0,16.2,20
02:00:00:00:05:00:01,CORP-VISITANTES,100,5,-77,21.0,16.2,20
02:00:00:00:05:00:01,CORP-VISITANTES,100,5,-85,27.0,16.2,20
02:00:00:00:06:00:00,CORP-IOT,1,2.4,-73,3.0,1.8,20
02:00:00:00:06:00:00,CORP-IOT,1,2.4,-66,9.0,1.8,20
02:00:00:00:06:00:00,CORP-IOT,1,2.4,-65,15.0,1.8,20
02:00:00:00:06:00:00,CORP-IOT,1,2.4,-72,21.0,1.8,20
02:00:00:00:06:00:00,CORP-IOT,1,2.4,-79,27.0,1.8,20
02:00:00:00:06:00:00,CORP-IOT,1,2.4,-70,3.0,5.4,20
02:00:00:00:06:00:00,CORP-IOT,1,2.4,-59,9.0,5.4,20
02:00:00:00:06:00:00,CORP-IOT,1,2.4,-57,15.0,5.4,20
02:00:00:00:06:00:00,CORP-IOT,1,2.4,-67,21.0,5.4,20
02:00:00:00:06:00:00,CORP-IOT,1,2.4,-77,27.0,5.4,20
02:00:00:00:06:00:00,CORP-IOT,1,2.4,-68,3.0,9.0,20
02:00:00:00:06:00:00,CORP-IOT,1,2.4,-53,9.0,9.0,20
02:00:00:00:06:00:00,CORP-IOT,1,2.4,-48,15.0,9.0,20
02:00:00:00:06:00:00,CORP-IOT,1,2.4,-65,21.0,9.0,20
02:00:00:00:06:00:00,CORP-IOT,1,2.4,-76,27.0,9.0,20
02:00:00:00:06:00:00,CORP-IOT,1,2.4,-69,3.0,12.6,20
02:00:00:00:06:00:00,CORP-IOT,1,2.4,-56,9.0,12.6,20
02:00:00:00:06:00:00,CORP-IOT,1,2.4,-53,15.0,12.6,20
02:00:00:00:06:00:00,CORP-IOT,1,2.4,-66,21.0,12.6,20
02:00:00:00:06:00:00,CORP-IOT,1,2.4,-77,27.0,12.6,20
02:00:00:00:06:00:00,CORP-IOT,1,2.4,-72,3.0,16.2,20
02:00:00:00:06:00:00,CORP-IOT,1,2.4,-63,9.0,16.2,20
02:00:00:00:06:00:00,CORP-IOT,1,2.4,-62,15.0,16.2,20
02:00:00:00:06:00:00,CORP-IOT,1,2.4,-70,21.0,16.2,20
02:00:00:00:06:00:00,CORP-IOT,1,2.4,-78,27.0,16.2,20
02:00:00:00:06:00:01,CORP-IOT,149,5,-71,3.0,1.8,20
02:00:00:00:06:00:01,CORP-IOT,149,5,-64,9.0,1.8,20
02:00:00:00:06:00:01,CORP-IOT,149,5,-63,15.0,1.8,20
02:00:00:00:06:00:01,CORP-IOT,149,5,-70,21.0,1.8,20
02:00:00:00:06:00:01,CORP-IOT,149,5,-77,27.0,1.8,20
02:00:00:00:06:00:01,CORP-IOT,149,5,-68,3.0,5.4,20
02:00:00:00:06:00:01,CORP-IOT,149,5,-57,9.0,5.4,20
02:00:00:00:06:00:01,CORP-IOT,149,5,-55,15.0,5.4,20
02:00:00:00:06:00:01,CORP-IOT,149,5,-65,21.0,5.4,20
02:00:00:00:06:00:01,CORP-IOT,149,5,-75,27.0,5.4,20
02:00:00:00:06:00:01,CORP-IOT,149,5,-66,3.0,9.0,20
02:00:00:00:06:00:01,CORP-IOT,149,5,-51,9.0,9.0,20
02:00:00:00:06:00:01,CORP-IOT,149,5,-46,15.0,9.0,20
02:00:00:00:06:00:01,CORP-IOT,149,5,-63,21.0,9.0,20
02:00:00:00:06:00:01,CORP-IOT,149,5,-74,27.0,9.0,20
02:00:00:00:06:00:01,CORP-IOT,149,5,-67,3.0,12.6,20
02:00:00:00:06:00:01,CORP-IOT,149,5,-54,9.0,12.6,20
02:00:00:00:06:00:01,CORP-IOT,149,5,-51,15.0,12.6,20
02:00:00:00:06:00:01,CORP-IOT,149,5,-64,21.0,12.6,20
02:00:00:00:06:00:01,CORP-IOT,149,5,-75,27.0,12.6,20
02:00:00:00:06:00:01,CORP-IOT,149,5,-70,3.0,16.2,20
02:00:00:00:06:00:01,CORP-IOT,149,5,-61,9.0,16.2,20
02:00:00:00:06:00:01,CORP-IOT,149,5,-60,15.0,16.2,20
02:00:00:00:06:00:01,CORP-IOT,149,5,-68,21.0,16.2,20
02:00:00:00:06:00:01,CORP-IOT,149,5,-76,27.0,16.2,20
02:00:00:00:06:00:00,CORP-VOIP,1,2.4,-73,3.0,1.8,20
02:00:00:00:06:00:00,CORP-VOIP,1,2.4,-66,9.0,1.8,20
02:00:00:00:06:00:00,CORP-VOIP,1,2.4,-65,15.0,1.8,20
02:00:00:00:06:00:00,CORP-VOIP,1,2.4,-72,21.0,1.8,20
02:00:00:00:06:00:00,CORP-VOIP,1,2.4,-79,27.0,1.8,20
02:00:00:00:06:00:00,CORP-VOIP,1,2.4,-70,3.0,5.4,20
02:00:00:00:06:00:00,CORP-VOIP,1,2.4,-59,9.0,5.4,20
02:00:00:00:06:00:00,CORP-VOIP,1,2.4,-57,15.0,5.4,20
02:00:00:00:06:00:00,CORP-VOIP,1,2.4,-67,21.0,5.4,20
02:00:00:00:06:00:00,CORP-VOIP,1,2.4,-77,27.0,5.4,20
02:00:00:00:06:00:00,CORP-VOIP,1,2.4,-68,3.0,9.0,20
02:00:00:00:06:00:00,CORP-VOIP,1,2.4,-53,9.0,9.0,20
02:00:00:00:06:00:00,CORP-VOIP,1,2.4,-48,15.0,9.0,20
02:00:00:00:06:00:00,CORP-VOIP,1,2.4,-65,21.0,9.0,20
02:00:00:00:06:00:00,CORP-VOIP,1,2.4,-76,27.0,9.0,20
02:00:00:00:06:00:00,CORP-VOIP,1,2.4,-69,3.0,12.6,20
02:00:00:00:06:00:00,CORP-VOIP,1,2.4,-56,9.0,12.6,20
02:00:00:00:06:00:00,CORP-VOIP,1,2.4,-53,15.0,12.6,20
02:00:00:00:06:00:00,CORP-VOIP,1,2.4,-66,21.0,12.6,20
02:00:00:00:06:00:00,CORP-VOIP,1,2.4,-77,27.0,12.6,20
02:00:00:00:06:00:00,CORP-VOIP,1,2.4,-72,3.0,16.2,20
02:00:00:00:06:00:00,CORP-VOIP,1,2.4,-63,9.0,16.2,20
02:00:00:00:06:00:00,CORP-VOIP,1,2.4,-62,15.0,16.2,20
02:00:00:00:06:00:00,CORP-VOIP,1,2.4,-70,21.0,16.2,20
02:00:00:00:06:00:00,CORP-VOIP,1,2.4,-78,27.0,16.2,20
02:00:00:00:06:00:01,CORP-VOIP,149,5,-71,3.0,1.8,20
02:00:00:00:06:00:01,CORP-VOIP,149,5,-64,9.0,1.8,20
02:00:00:00:06:00:01,CORP-VOIP,149,5,-63,15.0,1.8,20
02:00:00:00:06:00:01,CORP-VOIP,149,5,-70,21.0,1.8,20
02:00:00:00:06:00:01,CORP-VOIP,149,5,-77,27.0,1.8,20
02:00:00:00:06:00:01,CORP-VOIP,149,5,-68,3.0,5.4,20
02:00:00:00:06:00:01,CORP-VOIP,149,5,-57,9.0,5.4,20
02:00:00:00:06:00:01,CORP-VOIP,149,5,-55,15.0,5.4,20
02:00:00:00:06:00:01,CORP-VOIP,149,5,-65,21.0,5.4,20
02:00:00:00:06:00:01,CORP-VOIP,149,5,-75,27.0,5.4,20
02:00:00:00:06:00:01,CORP-VOIP,149,5,-66,3.0,9.0,20
02:00:00:00:06:00:01,CORP-VOIP,149,5,-51,9.0,9.0,20
02:00:00:00:06:00:01,CORP-VOIP,149,5,-46,15.0,9.0,20
02:00:00:00:06:00:01,CORP-VOIP,149,5,-63,21.0,9.0,20
02:00:00:00:06:00:01,CORP-VOIP,149,5,-74,27.0,9.0,20
02:00:00:00:06:00:01,CORP-VOIP,149,5,-67,3.0,12.6,20
02:00:00:00:06:00:01,CORP-VOIP,149,5,-54,9.0,12.6,20
02:00:00:00:06:00:01,CORP-VOIP,149,5,-51,15.0,12.6,20
02:00:00:00:06:00:01,CORP-VOIP,149,5,-64,21.0,12.6,20
02:00:00:00:06:00:01,CORP-VOIP,149,5,-75,27.0,12.6,20
02:00:00:00:06:00:01,CORP-VOIP,149,5,-70,3.0,16.2,20
02:00:00:00:06:00:01,CORP-VOIP,149,5,-61,9.0,16.2,20
02:00:00:00:06:00:01,CORP-VOIP,149,5,-60,15.0,16.2,20
02:00:00:00:06:00:01,CORP-VOIP,149,5,-68,21.0,16.2,20
02:00:00:00:06:00:01,CORP-VOIP,149,5,-76,27.0,16.2,20
02:00:00:00:06:00:00,REDE-LAB,1,2.4,-73,3.0,1.8,20
02:00:00:00:06:00:00,REDE-LAB,1,2.4,-66,9.0,1.8,20
02:00:00:00:06:00:00,REDE-LAB,1,2.4,-65,15.0,1.8,20
02:00:00:00:06:00:00,REDE-LAB,1,2.4,-72,21.0,1.8,20
02:00:00:00:06:00:00,REDE-LAB,1,2.4,-79,27.0,1.8,20
02:00:00:00:06:00:00,REDE-LAB,1,2.4,-70,3.0,5.4,20
02:00:00:00:06:00:00,REDE-LAB,1,2.4,-59,9.0,5.4,20
02:00:00:00:06:00:00,REDE-LAB,1,2.4,-57,15.0,5.4,20
02:00:00:00:06:00:00,REDE-LAB,1,2.4,-67,21.0,5.4,20
02:00:00:00:06:00:00,REDE-LAB,1,2.4,-77,27.0,5.4,20
02:00:00:00:06:00:00,REDE-LAB,1,2.4,-68,3.0,9.0,20
02:00:00:00:06:00:00,REDE-LAB,1,2.4,-53,9.0,9.0,20
02:00:00:00:06:00:00,REDE-LAB,1,2.4,-48,15.0,9.0,20
02:00:00:00:06:00:00,REDE-LAB,1,2.4,-65,21.0,9.0,20
02:00:00:00:06:00:00,REDE-LAB,1,2.4,-76,27.0,9.0,20
02:00:00:00:06:00:00,REDE-LAB,1,2.4,-69,3.0,12.6,20
02:00:00:00:06:00:00,REDE-LAB,1,2.4,-56,9.0,12.6,20
02:00:00:00:06:00:00,REDE-LAB,1,2.4,-53,15.0,12.6,20
02:00:00:00:06:00:00,REDE-LAB,1,2.4,-66,21.0,12.6,20
02:00:00:00:06:00:00,REDE-LAB,1,2.4,-77,27.0,12.6,20
02:00:00:00:06:00:00,REDE-LAB,1,2.4,-72,3.0,16.2,20
02:00:00:00:06:00:00,REDE-LAB,1,2.4,-63,9.0,16.2,20
02:00:00:00:06:00:00,REDE-LAB,1,2.4,-62,15.0,16.2,20
02:00:00:00:06:00:00,REDE-LAB,1,2.4,-70,21.0,16.2,20
02:00:00:00:06:00:00,REDE-LAB,1,2.4,-78,27.0,16.2,20
02:00:00:00:06:00:01,REDE-LAB,149,5,-71,3.0,1.8,20
02:00:00:00:06:00:01,REDE-LAB,149,5,-64,9.0,1.8,20
02:00:00:00:06:00:01,REDE-LAB,149,5,-63,15.0,1.8,20
02:00:00:00:06:00:01,REDE-LAB,149,5,-70,21.0,1.8,20
02:00:00:00:06:00:01,REDE-LAB,149,5,-77,27.0,1.8,20
02:00:00:00:06:00:01,REDE-LAB,149,5,-68,3.0,5.4,20
02:00:00:00:06:00:01,REDE-LAB,149,5,-57,9.0,5.4,20
02:00:00:00:06:00:01,REDE-LAB,149,5,-55,15.0,5.4,20
02:00:00:00:06:00:01,REDE-LAB,149,5,-65,21.0,5.4,20
02:00:00:00:06:00:01,REDE-LAB,149,5,-75,27.0,5.4,20
02:00:00:00:06:00:01,REDE-LAB,149,5,-66,3.0,9.0,20
02:00:00:00:06:00:01,REDE-LAB,149,5,-51,9.0,9.0,20
02:00:00:00:06:00:01,REDE-LAB,149,5,-46,15.0,9.0,20
02:00:00:00:06:00:01,REDE-LAB,149,5,-63,21.0,9.0,20
02:00:00:00:06:00:01,REDE-LAB,149,5,-74,27.0,9.0,20
02:00:00:00:06:00:01,REDE-LAB,149,5,-67,3.0,12.6,20
02:00:00:00:06:00:01,REDE-LAB,149,5,-54,9.0,12.6,20
02:00:00:00:06:00:01,REDE-LAB,149,5,-51,15.0,12.6,20
02:00:00:00:06:00:01,REDE-LAB,149,5,-64,21.0,12.6,20
02:00:00:00:06:00:01,REDE-LAB,149,5,-75,27.0,12.6,20
02:00:00:00:06:00:01,REDE-LAB,149,5,-70,3.0,16.2,20
02:00:00:00:06:00:01,REDE-LAB,149,5,-61,9.0,16.2,20
02:00:00:00:06:00:01,REDE-LAB,149,5,-60,15.0,16.2,20
02:00:00:00:06:00:01,REDE-LAB,149,5,-68,21.0,16.2,20
02:00:00:00:06:00:01,REDE-LAB,149,5,-76,27.0,16.2,20
02:00:00:00:07:00:00,GUEST-LAB,6,2.4,-80,3.0,1.8,20
02:00:00:00:07:00:00,GUEST-LAB,6,2.4,-72,9.0,1.8,20
02:00:00:00:07:00:00,GUEST-LAB,6,2.4,-65,15.0,1.8,20
02:00:00:00:07:00:00,GUEST-LAB,6,2.4,-65,21.0,1.8,20
02:00:00:00:07:00:00,GUEST-LAB,6,2.4,-72,27.0,1.8,20
02:00:00:00:07:00:00,GUEST-LAB,6,2.4,-78,3.0,5.4,20
02:00:00:00:07:00:00,GUEST-LAB,6,2.4,-69,9.0,5.4,20
02:00:00:00:07:00:00,GUEST-LAB,6,2.4,-57,15.0,5.4,20
02:00:00:00:07:00:00,GUEST-LAB,6,2.4,-57,21.0,5.4,20
02:00:00:00:07:00:00,GUEST-LAB,6,2.4,-68,27.0,5.4,20
02:00:00:00:07:00:00,GUEST-LAB,6,2.4,-78,3.0,9.0,20
02:00:00:00:07:00:00,GUEST-LAB,6,2.4,-67,9.0,9.0,20
02:00:00:00:07:00:00,GUEST-LAB,6,2.4,-51,15.0,9.0,20
02:00:00:00:07:00:00,GUEST-LAB,6,2.4,-49,21.0,9.0,20
02:00:00:00:07:00:00,GUEST-LAB,6,2.4,-66,27.0,9.0,20
02:00:00:00:07:00:00,GUEST-LAB,6,2.4,-78,3.0,12.6,20
02:00:00:00:07:00:00,GUEST-LAB,6,2.4,-68,9.0,12.6,20
02:00:00:00:07:00:00,GUEST-LAB,6,2.4,-56,15.0,12.6,20
02:00:00:00:07:00:00,GUEST-LAB,6,2.4,-55,21.0,12.6,20
02:00:00:00:07:00:00,GUEST-LAB,6,2.4,-67,27.0,12.6,20
02:00:00:00:07:00:00,GUEST-LAB,6,2.4,-80,3.0,16.2,20
02:00:00:00:07:00:00,GUEST-LAB,6,2.4,-71,9.0,16.2,20
02:00:00:00:07:00:00,GUEST-LAB,6,2.4,-63,15.0,16.2,20
02:00:00:00:07:00:00,GUEST-LAB,6,2.4,-63,21.0,16.2,20
02:00:00:00:07:00:00,GUEST-LAB,6,2.4,-71,27.0,16.2,20
02:00:00:00:07:00:01,GUEST-LAB,149,5,-78,3.0,1.8,20
02:00:00:00:07:00:01,GUEST-LAB,149,5,-70,9.0,1.8,20
02:00:00:00:07:00:01,GUEST-LAB,149,5,-63,15.0,1.8,20
02:00:00:00:07:00:01,GUEST-LAB,149,5,-63,21.0,1.8,20
02:00:00:00:07:00:01,GUEST-LAB,149,5,-70,27.0,1.8,20
02:00:00:00:07:00:01,GUEST-LAB,149,5,-76,3.0,5.4,20
02:00:00:00:07:00:01,GUEST-LAB,149,5,-67,9.0,5.4,20
02:00:00:00:07:00:01,GUEST-LAB,149,5,-55,15.0,5.4,20
02:00:00:00:07:00:01,GUEST-LAB,149,5,-55,21.0,5.4,20
02:00:00:00:07:00:01,GUEST-LAB,149,5,-66,27.0,5.4,20
02:00:00:00:07:00:01,GUEST-LAB,149,5,-76,3.0,9.0,20
02:00:00:00:07:00:01,GUEST-LAB,149,5,-65,9.0,9.0,20
02:00:00:00:07:00:01,GUEST-LAB,149,5,-49,15.0,9.0,20
02:00:00:00:07:00:01,GUEST-LAB,149,5,-47,21.0,9.0,20
02:00:00:00:07:00:01,GUEST-LAB,149,5,-64,27.0,9.0,20
02:00:00:00:07:00:01,GUEST-LAB,149,5,-76,3.0,12.6,20
02:00:00:00:07:00:01,GUEST-LAB,149,5,-66,9.0,12.6,20
02:00:00:00:07:00:01,GUEST-LAB,149,5,-54,15.0,12.6,20
02:00:00:00:07:00:01,GUEST-LAB,149,5,-53,21.0,12.6,20
02:00:00:00:07:00:01,GUEST-LAB,149,5,-65,27.0,12.6,20
02:00:00:00:07:00:01,GUEST-LAB,149,5,-78,3.0,16.2,20
02:00:00:00:07:00:01,GUEST-LAB,149,5,-69,9.0,16.2,20
02:00:00:00:07:00:01,GUEST-LAB,149,5,-61,15.0,16.2,20
02:00:00:00:07:00:01,GUEST-LAB,149,5,-61,21.0,16.2,20
02:00:00:00:07:00:01,GUEST-LAB,149,5,-69,27.0,16.2,20
02:00:00:00:07:00:00,CORP-CFTV,6,2.4,-80,3.0,1.8,20
02:00:00:00:07:00:00,CORP-CFTV,6,2.4,-72,9.0,1.8,20
02:00:00:00:07:00:00,CORP-CFTV,6,2.4,-65,15.0,1.8,20
02:00:00:00:07:00:00,CORP-CFTV,6,2.4,-65,21.0,1.8,20
02:00:00:00:07:00:00,CORP-CFTV,6,2.4,-72,27.0,1.8,20
02:00:00:00:07:00:00,CORP-CFTV,6,2.4,-78,3.0,5.4,20
02:00:00:00:07:00:00,CORP-CFTV,6,2.4,-69,9.0,5.4,20
02:00:00:00:07:00:00,CORP-CFTV,6,2.4,-57,15.0,5.4,20
02:00:00:00:07:00:00,CORP-CFTV,6,2.4,-57,21.0,5.4,20
02:00:00:00:07:00:00,CORP-CFTV,6,2.4,-68,27.0,5.4,20
02:00:00:00:07:00:00,CORP-CFTV,6,2.4,-78,3.0,9.0,20
02:00:00:00:07:00:00,CORP-CFTV,6,2.4,-67,9.0,9.0,20
02:00:00:00:07:00:00,CORP-CFTV,6,2.4,-51,15.0,9.0,20
02:00:00:00:07:00:00,CORP-CFTV,6,2.4,-49,21.0,9.0,20
02:00:00:00:07:00:00,CORP-CFTV,6,2.4,-66,27.0,9.0,20
02:00:00:00:07:00:00,CORP-CFTV,6,2.4,-78,3.0,12.6,20
02:00:00:00:07:00:00,CORP-CFTV,6,2.4,-68,9.0,12.6,20
02:00:00:00:07:00:00,CORP-CFTV,6,2.4,-56,15.0,12.6,20
02:00:00:00:07:00:00,CORP-CFTV,6,2.4,-55,21.0,12.6,20
02:00:00:00:07:00:00,CORP-CFTV,6,2.4,-67,27.0,12.6,20
02:00:00:00:07:00:00,CORP-CFTV,6,2.4,-80,3.0,16.2,20
02:00:00:00:07:00:00,CORP-CFTV,6,2.4,-71,9.0,16.2,20
02:00:00:00:07:00:00,CORP-CFTV,6,2.4,-63,15.0,16.2,20
02:00:00:00:07:00:00,CORP-CFTV,6,2.4,-63,21.0,16.2,20
02:00:00:00:07:00:00,CORP-CFTV,6,2.4,-71,27.0,16.2,20
02:00:00:00:07:00:01,CORP-CFTV,149,5,-78,3.0,1.8,20
02:00:00:00:07:00:01,CORP-CFTV,149,5,-70,9.0,1.8,20
02:00:00:00:07:00:01,CORP-CFTV,149,5,-63,15.0,1.8,20
02:00:00:00:07:00:01,CORP-CFTV,149,5,-63,21.0,1.8,20
02:00:00:00:07:00:01,CORP-CFTV,149,5,-70,27.0,1.8,20
02:00:00:00:07:00:01,CORP-CFTV,149,5,-76,3.0,5.4,20
02:00:00:00:07:00:01,CORP-CFTV,149,5,-67,9.0,5.4,20
02:00:00:00:07:00:01,CORP-CFTV,149,5,-55,15.0,5.4,20
02:00:00:00:07:00:01,CORP-CFTV,149,5,-55,21.0,5.4,20
02:00:00:00:07:00:01,CORP-CFTV,149,5,-66,27.0,5.4,20
02:00:00:00:07:00:01,CORP-CFTV,149,5,-76,3.0,9.0,20
02:00:00:00:07:00:01,CORP-CFTV,149,5,-65,9.0,9.0,20
02:00:00:00:07:00:01,CORP-CFTV,149,5,-49,15.0,9.0,20
02:00:00:00:07:00:01,CORP-CFTV,149,5,-47,21.0,9.0,20
02:00:00:00:07:00:01,CORP-CFTV,149,5,-64,27.0,9.0,20
02:00:00:00:07:00:01,CORP-CFTV,149,5,-76,3.0,12.6,20
02:00:00:00:07:00:01,CORP-CFTV,149,5,-66,9.0,12.6,20
02:00:00:00:07:00:01,CORP-CFTV,149,5,-54,15.0,12.6,20
02:00:00:00:07:00:01,CORP-CFTV,149,5,-53,21.0,12.6,20
02:00:00:00:07:00:01,CORP-CFTV,149,5,-65,27.0,12.6,20
02:00:00:00:07:00:01,CORP-CFTV,149,5,-78,3.0,16.2,20
02:00:00:00:07:00:01,CORP-CFTV,149,5,-69,9.0,16.2,20
02:00:00:00:07:00:01,CORP-CFTV,149,5,-61,15.0,16.2,20
02:00:00:00:07:00:01,CORP-CFTV,149,5,-61,21.0,16.2,20
02:00:00:00:07:00:01,CORP-CFTV,149,5,-69,27.0,16.2,20
02:00:00:00:07:00:00,LAB-SENSORNET,6,2.4,-80,3.0,1.8,20
02:00:00:00:07:00:00,LAB-SENSORNET,6,2.4,-72,9.0,1.8,20
02:00:00:00:07:00:00,LAB-SENSORNET,6,2.4,-65,15.0,1.8,20
02:00:00:00:07:00:00,LAB-SENSORNET,6,2.4,-65,21.0,1.8,20
02:00:00:00:07:00:00,LAB-SENSORNET,6,2.4,-72,27.0,1.8,20
02:00:00:00:07:00:00,LAB-SENSORNET,6,2.4,-78,3.0,5.4,20
02:00:00:00:07:00:00,LAB-SENSORNET,6,2.4,-69,9.0,5.4,20
02:00:00:00:07:00:00,LAB-SENSORNET,6,2.4,-57,15.0,5.4,20
02:00:00:00:07:00:00,LAB-SENSORNET,6,2.4,-57,21.0,5.4,20
02:00:00:00:07:00:00,LAB-SENSORNET,6,2.4,-68,27.0,5.4,20
02:00:00:00:07:00:00,LAB-SENSORNET,6,2.4,-78,3.0,9.0,20
02:00:00:00:07:00:00,LAB-SENSORNET,6,2.4,-67,9.0,9.0,20
02:00:00:00:07:00:00,LAB-SENSORNET,6,2.4,-51,15.0,9.0,20
02:00:00:00:07:00:00,LAB-SENSORNET,6,2.4,-49,21.0,9.0,20
02:00:00:00:07:00:00,LAB-SENSORNET,6,2.4,-66,27.0,9.0,20
02:00:00:00:07:00:00,LAB-SENSORNET,6,2.4,-78,3.0,12.6,20
02:00:00:00:07:00:00,LAB-SENSORNET,6,2.4,-68,9.0,12.6,20
02:00:00:00:07:00:00,LAB-SENSORNET,6,2.4,-56,15.0,12.6,20
02:00:00:00:07:00:00,LAB-SENSORNET,6,2.4,-55,21.0,12.6,20
02:00:00:00:07:00:00,LAB-SENSORNET,6,2.4,-67,27.0,12.6,20
02:00:00:00:07:00:00,LAB-SENSORNET,6,2.4,-80,3.0,16.2,20
02:00:00:00:07:00:00,LAB-SENSORNET,6,2.4,-71,9.0,16.2,20
02:00:00:00:07:00:00,LAB-SENSORNET,6,2.4,-63,15.0,16.2,20
02:00:00:00:07:00:00,LAB-SENSORNET,6,2.4,-63,21.0,16.2,20
02:00:00:00:07:00:00,LAB-SENSORNET,6,2.4,-71,27.0,16.2,20
02:00:00:00:07:00:01,LAB-SENSORNET,149,5,-78,3.0,1.8,20
02:00:00:00:07:00:01,LAB-SENSORNET,149,5,-70,9.0,1.8,20
02:00:00:00:07:00:01,LAB-SENSORNET,149,5,-63,15.0,1.8,20
02:00:00:00:07:00:01,LAB-SENSORNET,149,5,-63,21.0,1.8,20
02:00:00:00:07:00:01,LAB-SENSORNET,149,5,-70,27.0,1.8,20
02:00:00:00:07:00:01,LAB-SENSORNET,149,5,-76,3.0,5.4,20
02:00:00:00:07:00:01,LAB-SENSORNET,149,5,-67,9.0,5.4,20
02:00:00:00:07:00:01,LAB-SENSORNET,149,5,-55,15.0,5.4,20
02:00:00:00:07:00:01,LAB-SENSORNET,149,5,-55,21.0,5.4,20
02:00:00:00:07:00:01,LAB-SENSORNET,149,5,-66,27.0,5.4,20
02:00:00:00:07:00:01,LAB-SENSORNET,149,5,-76,3.0,9.0,20
02:00:00:00:07:00:01,LAB-SENSORNET,149,5,-65,9.0,9.0,20
02:00:00:00:07:00:01,LAB-SENSORNET,149,5,-49,15.0,9.0,20
02:00:00:00:07:00:01,LAB-SENSORNET,149,5,-47,21.0,9.0,20
02:00:00:00:07:00:01,LAB-SENSORNET,149,5,-64,27.0,9.0,20
02:00:00:00:07:00:01,LAB-SENSORNET,149,5,-76,3.0,12.6,20
02:00:00:00:07:00:01,LAB-SENSORNET,149,5,-66,9.0,12.6,20
02:00:00:00:07:00:01,LAB-SENSORNET,149,5,-54,15.0,12.6,20
02:00:00:00:07:00:01,LAB-SENSORNET,149,5,-53,21.0,12.6,20
02:00:00:00:07:00:01,LAB-SENSORNET,149,5,-65,27.0,12.6,20
02:00:00:00:07:00:01,LAB-SENSORNET,149,5,-78,3.0,16.2,20
02:00:00:00:07:00:01,LAB-SENSORNET,149,5,-69,9.0,16.2,20
02:00:00:00:07:00:01,LAB-SENSORNET,149,5,-61,15.0,16.2,20
02:00:00:00:07:00:01,LAB-SENSORNET,149,5,-61,21.0,16.2,20
02:00:00:00:07:00:01,LAB-SENSORNET,149,5,-69,27.0,16.2,20
02:00:00:00:08:00:00,CORP-TI,11,2.4,-85,3.0,1.8,20
02:00:00:00:08:00:00,CORP-TI,11,2.4,-77,9.0,1.8,20
02:00:00:00:08:00:00,CORP-TI,11,2.4,-68,15.0,1.8,20
02:00:00:00:08:00:00,CORP-TI,11,2.4,-61,21.0,1.8,20
02:00:00:00:08:00:00,CORP-TI,11,2.4,-64,27.0,1.8,20
02:00:00:00:08:00:00,CORP-TI,11,2.4,-84,3.0,5.4,20
02:00:00:00:08:00:00,CORP-TI,11,2.4,-76,9.0,5.4,20
02:00:00:00:08:00:00,CORP-TI,11,2.4,-65,15.0,5.4,20
02:00:00:00:08:00:00,CORP-TI,11,2.4,-51,21.0,5.4,20
02:00:00:00:08:00:00,CORP-TI,11,2.4,-57,27.0,5.4,20
02:00:00:00:08:00:00,CORP-TI,11,2.4,-84,3.0,9.0,20
02:00:00:00:08:00:00,CORP-TI,11,2.4,-75,9.0,9.0,20
02:00:00:00:08:00:00,CORP-TI,11,2.4,-64,15.0,9.0,20
02:00:00:00:08:00:00,CORP-TI,11,2.4,-44,21.0,9.0,20
02:00:00:00:08:00:00,CORP-TI,11,2.4,-56,27.0,9.0,20
02:00:00:00:08:00:00,CORP-TI,11,2.4,-85,3.0,12.6,20
02:00:00:00:08:00:00,CORP-TI,11,2.4,-76,9.0,12.6,20
02:00:00:00:08:00:00,CORP-TI,11,2.4,-66,15.0,12.6,20
02:00:00:00:08:00:00,CORP-TI,11,2.4,-56,21.0,12.6,20
02:00:00:00:08:00:00,CORP-TI,11,2.4,-60,27.0,12.6,20
02:00:00:00:08:00:00,CORP-TI,11,2.4,-86,3.0,16.2,20
02:00:00:00:08:00:00,CORP-TI,11,2.4,-79,9.0,16.2,20
02:00:00:00:08:00:00,CORP-TI,11,2.4,-71,15.0,16.2,20
02:00:00:00:08:00:00,CORP-TI,11,2.4,-65,21.0,16.2,20
02:00:00:00:08:00:00,CORP-TI,11,2.4,-67,27.0,16.2,20
02:00:00:00:08:00:01,CORP-TI,36,5,-83,3.0,1.8,20
02:00:00:00:08:00:01,CORP-TI,36,5,-75,9.0,1.8,20
02:00:00:00:08:00:01,CORP-TI,36,5,-66,15.0,1.8,20
02:00:00:00:08:00:01,CORP-TI,36,5,-59,21.0,1.8,20
02:00:00:00:08:00:01,CORP-TI,36,5,-62,27.0,1.8,20
02:00:00:00:08:00:01,CORP-TI,36,5,-82,3.0,5.4,20
02:00:00:00:08:00:01,CORP-TI,36,5,-74,9.0,5.4,20
02:00:00:00:08:00:01,CORP-TI,36,5,-63,15.0,5.4,20
02:00:00:00:08:00:01,CORP-TI,36,5,-49,21.0,5.4,20
02:00:00:00:08:00:01,CORP-TI,36,5,-55,27.0,5.4,20
02:00:00:00:08:00:01,CORP-TI,36,5,-82,3.0,9.0,20
02:00:00:00:08:00:01,CORP-TI,36,5,-73,9.0,9.0,20
02:00:00:00:08:00:01,CORP-TI,36,5,-62,15.0,9.0,20
02:00:00:00:08:00:01,CORP-TI,36,5,-42,21.0,9.0,20
02:00:00:00:08:00:01,CORP-TI,36,5,-54,27.0,9.0,20
02:00:00:00:08:00:01,CORP-TI,36,5,-83,3.0,12.6,20
02:00:00:00:08:00:01,CORP-TI,36,5,-74,9.0,12.6,20
02:00:00:00:08:00:01,CORP-TI,36,5,-64,15.0,12.6,20
02:00:00:00:08:00:01,CORP-TI,36,5,-54,21.0,12.6,20
02:00:00:00:08:00:01,CORP-TI,36,5,-58,27.0,12.6,20
02:00:00:00:08:00:01,CORP-TI,36,5,-84,3.0,16.2,20
02:00:00:00:08:00:01,CORP-TI,36,5,-77,9.0,16.2,20
02:00:00:00:08:00:01,CORP-TI,36,5,-69,15.0,16.2,20
02:00:00:00:08:00:01,CORP-TI,36,5,-63,21.0,16.2,20
02:00:00:00:08:00:01,CORP-TI,36,5,-65,27.0,16.2,20
02:00:00:00:08:00:00,CORP-VISITANTES,11,2.4,-85,3.0,1.8,20
02:00:00:00:08:00:00,CORP-VISITANTES,11,2.4,-77,9.0,1.8,20
02:00:00:00:08:00:00,CORP-VISITANTES,11,2.4,-68,15.0,1.8,20
02:00:00:00:08:00:00,CORP-VISITANTES,11,2.4,-61,21.0,1.8,20
02:00:00:00:08:00:00,CORP-VISITANTES,11,2.4,-64,27.0,1.8,20
02:00:00:00:08:00:00,CORP-VISITANTES,11,2.4,-84,3.0,5.4,20
02:00:00:00:08:00:00,CORP-VISITANTES,11,2.4,-76,9.0,5.4,20
02:00:00:00:08:00:00,CORP-VISITANTES,11,2.4,-65,15.0,5.4,20
02:00:00:00:08:00:00,CORP-VISITANTES,11,2.4,-51,21.0,5.4,20
02:00:00:00:08:00:00,CORP-VISITANTES,11,2.4,-57,27.0,5.4,20
02:00:00:00:08:00:00,CORP-VISITANTES,11,2.4,-84,3.0,9.0,20
02:00:00:00:08:00:00,CORP-VISITANTES,11,2.4,-75,9.0,9.0,20
02:00:00:00:08:00:00,CORP-VISITANTES,11,2.4,-64,15.0,9.0,20
02:00:00:00:08:00:00,CORP-VISITANTES,11,2.4,-44,21.0,9.0,20
02:00:00:00:08:00:00,CORP-VISITANTES,11,2.4,-56,27.0,9.0,20
02:00:00:00:08:00:00,CORP-VISITANTES,11,2.4,-85,3.0,12.6,20
02:00:00:00:08:00:00,CORP-VISITANTES,11,2.4,-76,9.0,12.6,20
02:00:00:00:08:00:00,CORP-VISITANTES,11,2.4,-66,15.0,12.6,20
02:00:00:00:08:00:00,CORP-VISITANTES,11,2.4,-56,21.0,12.6,20
02:00:00:00:08:00:00,CORP-VISITANTES,11,2.4,-60,27.0,12.6,20
02:00:00:00:08:00:00,CORP-VISITANTES,11,2.4,-86,3.0,16.2,20
02:00:00:00:08:00:00,CORP-VISITANTES,11,2.4,-79,9.0,16.2,20
02:00:00:00:08:00:00,CORP-VISITANTES,11,2.4,-71,15.0,16.2,20
02:00:00:00:08:00:00,CORP-VISITANTES,11,2.4,-65,21.0,16.2,20
02:00:00:00:08:00:00,CORP-VISITANTES,11,2.4,-67,27.0,16.2,20
02:00:00:00:08:00:01,CORP-VISITANTES,36,5,-83,3.0,1.8,20
02:00:00:00:08:00:01,CORP-VISITANTES,36,5,-75,9.0,1.8,20
02:00:00:00:08:00:01,CORP-VISITANTES,36,5,-66,15.0,1.8,20
02:00:00:00:08:00:01,CORP-VISITANTES,36,5,-59,21.0,1.8,20
02:00:00:00:08:00:01,CORP-VISITANTES,36,5,-62,27.0,1.8,20
02:00:00:00:08:00:01,CORP-VISITANTES,36,5,-82,3.0,5.4,20
02:00:00:00:08:00:01,CORP-VISITANTES,36,5,-74,9.0,5.4,20
02:00:00:00:08:00:01,CORP-VISITANTES,36,5,-63,15.0,5.4,20
02:00:00:00:08:00:01,CORP-VISITANTES,36,5,-49,21.0,5.4,20
02:00:00:00:08:00:01,CORP-VISITANTES,36,5,-55,27.0,5.4,20
02:00:00:00:08:00:01,CORP-VISITANTES,36,5,-82,3.0,9.0,20
02:00:00:00:08:00:01,CORP-VISITANTES,36,5,-73,9.0,9.0,20
02:00:00:00:08:00:01,CORP-VISITANTES,36,5,-62,15.0,9.0,20
02:00:00:00:08:00:01,CORP-VISITANTES,36,5,-42,21.0,9.0,20
02:00:00:00:08:00:01,CORP-VISITANTES,36,5,-54,27.0,9.0,20
02:00:00:00:08:00:01,CORP-VISITANTES,36,5,-83,3.0,12.6,20
02:00:00:00:08:00:01,CORP-VISITANTES,36,5,-74,9.0,12.6,20
02:00:00:00:08:00:01,CORP-VISITANTES,36,5,-64,15.0,12.6,20
02:00:00:00:08:00:01,CORP-VISITANTES,36,5,-54,21.0,12.6,20
02:00:00:00:08:00:01,CORP-VISITANTES,36,5,-58,27.0,12.6,20
02:00:00:00:08:00:01,CORP-VISITANTES,36,5,-84,3.0,16.2,20
02:00:00:00:08:00:01,CORP-VISITANTES,36,5,-77,9.0,16.2,20
02:00:00:00:08:00:01,CORP-VISITANTES,36,5,-69,15.0,16.2,20
02:00:00:00:08:00:01,CORP-VISITANTES,36,5,-63,21.0,16.2,20
02:00:00:00:08:00:01,CORP-VISITANTES,36,5,-65,27.0,16.2,20
02:00:00:00:08:00:00,CORP-IOT,11,2.4,-85,3.0,1.8,20
02:00:00:00:08:00:00,CORP-IOT,11,2.4,-77,9.0,1.8,20
02:00:00:00:08:00:00,CORP-IOT,11,2.4,-68,15.0,1.8,20
02:00:00:00:08:00:00,CORP-IOT,11,2.4,-61,21.0,1.8,20
02:00:00:00:08:00:00,CORP-IOT,11,2.4,-64,27.0,1.8,20
02:00:00:00:08:00:00,CORP-IOT,11,2.4,-84,3.0,5.4,20
02:00:00:00:08:00:00,CORP-IOT,11,2.4,-76,9.0,5.4,20
02:00:00:00:08:00:00,CORP-IOT,11,2.4,-65,15.0,5.4,20
02:00:00:00:08:00:00,CORP-IOT,11,2.4,-51,21.0,5.4,20
02:00:00:00:08:00:00,CORP-IOT,11,2.4,-57,27.0,5.4,20
02:00:00:00:08:00:00,CORP-IOT,11,2.4,-84,3.0,9.0,20
02:00:00:00:08:00:00,CORP-IOT,11,2.4,-75,9.0,9.0,20
02:00:00:00:08:00:00,CORP-IOT,11,2.4,-64,15.0,9.0,20
02:00:00:00:08:00:00,CORP-IOT,11,2.4,-44,21.0,9.0,20
02:00:00:00:08:00:00,CORP-IOT,11,2.4,-56,27.0,9.0,20
02:00:00:00:08:00:00,CORP-IOT,11,2.4,-85,3.0,12.6,20
02:00:00:00:08:00:00,CORP-IOT,11,2.4,-76,9.0,12.6,20
02:00:00:00:08:00:00,CORP-IOT,11,2.4,-66,15.0,12.6,20
02:00:00:00:08:00:00,CORP-IOT,11,2.4,-56,21.0,12.6,20
02:00:00:00:08:00:00,CORP-IOT,11,2.4,-60,27.0,12.6,20
02:00:00:00:08:00:00,CORP-IOT,11,2.4,-86,3.0,16.2,20
02:00:00:00:08:00:00,CORP-IOT,11,2.4,-79,9.0,16.2,20
02:00:00:00:08:00:00,CORP-IOT,11,2.4,-71,15.0,16.2,20
02:00:00:00:08:00:00,CORP-IOT,11,2.4,-65,21.0,16.2,20
02:00:00:00:08:00:00,CORP-IOT,11,2.4,-67,27.0,16.2,20
02:00:00:00:08:00:01,CORP-IOT,36,5,-83,3.0,1.8,20
02:00:00:00:08:00:01,CORP-IOT,36,5,-75,9.0,1.8,20
02:00:00:00:08:00:01,CORP-IOT,36,5,-66,15.0,1.8,20
02:00:00:00:08:00:01,CORP-IOT,36,5,-59,21.0,1.8,20
02:00:00:00:08:00:01,CORP-IOT,36,5,-62,27.0,1.8,20
02:00:00:00:08:00:01,CORP-IOT,36,5,-82,3.0,5.4,20
02:00:00:00:08:00:01,CORP-IOT,36,5,-74,9.0,5.4,20
02:00:00:00:08:00:01,CORP-IOT,36,5,-63,15.0,5.4,20
02:00:00:00:08:00:01,CORP-IOT,36,5,-49,21.0,5.4,20
02:00:00:00:08:00:01,CORP-IOT,36,5,-55,27.0,5.4,20
02:00:00:00:08:00:01,CORP-IOT,36,5,-82,3.0,9.0,20
02:00:00:00:08:00:01,CORP-IOT,36,5,-73,9.0,9.0,20
02:00:00:00:08:00:01,CORP-IOT,36,5,-62,15.0,9.0,20
02:00:00:00:08:00:01,CORP-IOT,36,5,-42,21.0,9.0,20
02:00:00:00:08:00:01,CORP-IOT,36,5,-54,27.0,9.0,20
02:00:00:00:08:00:01,CORP-IOT,36,5,-83,3.0,12.6,20
02:00:00:00:08:00:01,CORP-IOT,36,5,-74,9.0,12.6,20
02:00:00:00:08:00:01,CORP-IOT,36,5,-64,15.0,12.6,20
02:00:00:00:08:00:01,CORP-IOT,36,5,-54,21.0,12.6,20
02:00:00:00:08:00:01,CORP-IOT,36,5,-58,27.0,12.6,20
02:00:00:00:08:00:01,CORP-IOT,36,5,-84,3.0,16.2,20
02:00:00:00:08:00:01,CORP-IOT,36,5,-77,9.0,16.2,20
02:00:00:00:08:00:01,CORP-IOT,36,5,-69,15.0,16.2,20
02:00:00:00:08:00:01,CORP-IOT,36,5,-63,21.0,16.2,20
02:00:00:00:08:00:01,CORP-IOT,36,5,-65,27.0,16.2,20
02:00:00:00:09:00:00,CORP-VOIP,1,2.4,-74,3.0,1.8,20
02:00:00:00:09:00:00,CORP-VOIP,1,2.4,-73,9.0,1.8,20
02:00:00:00:09:00:00,CORP-VOIP,1,2.4,-76,15.0,1.8,20
02:00:00:00:09:00:00,CORP-VOIP,1,2.4,-82,21.0,1.8,20
02:00:00:00:09:00:00,CORP-VOIP,1,2.4,-88,27.0,1.8,20
02:00:00:00:09:00:00,CORP-VOIP,1,2.4,-68,3.0,5.4,20
02:00:00:00:09:00:00,CORP-VOIP,1,2.4,-66,9.0,5.4,20
02:00:00:00:09:00:00,CORP-VOIP,1,2.4,-72,15.0,5.4,20
02:00:00:00:09:00:00,CORP-VOIP,1,2.4,-79,21.0,5.4,20
02:00:00:00:09:00:00,CORP-VOIP,1,2.4,-86,27.0,5.4,20
02:00:00:00:09:00:00,CORP-VOIP,1,2.4,-61,3.0,9.0,20
02:00:00:00:09:00:00,CORP-VOIP,1,2.4,-58,9.0,9.0,20
02:00:00:00:09:00:00,CORP-VOIP,1,2.4,-67,15.0,9.0,20
02:00:00:00:09:00:00,CORP-VOIP,1,2.4,-77,21.0,9.0,20
02:00:00:00:09:00:00,CORP-VOIP,1,2.4,-85,27.0,9.0,20
02:00:00:00:09:00:00,CORP-VOIP,1,2.4,-56,3.0,12.6,20
02:00:00:00:09:00:00,CORP-VOIP,1,2.4,-46,9.0,12.6,20
02:00:00:00:09:00:00,CORP-VOIP,1,2.4,-64,15.0,12.6,20
02:00:00:00:09:00:00,CORP-VOIP,1,2.4,-75,21.0,12.6,20
02:00:00:00:09:00:00,CORP-VOIP,1,2.4,-84,27.0,12.6,20
02:00:00:00:09:00:00,CORP-VOIP,1,2.4,-57,3.0,16.2,20
02:00:00:00:09:00:00,CORP-VOIP,1,2.4,-49,9.0,16.2,20
02:00:00:00:09:00:00,CORP-VOIP,1,2.4,-64,15.0,16.2,20
02:00:00:00:09:00:00,CORP-VOIP,1,2.4,-75,21.0,16.2,20
02:00:00:00:09:00:00,CORP-VOIP,1,2.4,-84,27.0,16.2,20
02:00:00:00:09:00:01,CORP-VOIP,36,5,-72,3.0,1.8,20
02:00:00:00:09:00:01,CORP-VOIP,36,5,-71,9.0,1.8,20
02:00:00:00:09:00:01,CORP-VOIP,36,5,-74,15.0,1.8,20
02:00:00:00:09:00:01,CORP-VOIP,36,5,-80,21.0,1.8,20
02:00:00:00:09:00:01,CORP-VOIP,36,5,-86,27.0,1.8,20
02:00:00:00:09:00:01,CORP-VOIP,36,5,-66,3.0,5.4,20
02:00:00:00:09:00:01,CORP-VOIP,36,5,-64,9.0,5.4,20
02:00:00:00:09:00:01,CORP-VOIP,36,5,-70,15.0,5.4,20
02:00:00:00:09:00:01,CORP-VOIP,36,5,-77,21.0,5.4,20
02:00:00:00:09:00:01,CORP-VOIP,36,5,-84,27.0,5.4,20
02:00:00:00:09:00:01,CORP-VOIP,36,5,-59,3.0,9.0,20
02:00:00:00:09:00:01,CORP-VOIP,36,5,-56,9.0,9.0,20
02:00:00:00:09:00:01,CORP-VOIP,36,5,-65,15.0,9.0,20
02:00:00:00:09:00:01,CORP-VOIP,36,5,-75,21.0,9.0,20
02:00:00:00:09:00:01,CORP-VOIP,36,5,-83,27.0,9.0,20
02:00:00:00:09:00:01,CORP-VOIP,36,5,-54,3.0,12.6,20
02:00:00:00:09:00:01,CORP-VOIP,36,5,-44,9.0,12.6,20
02:00:00:00:09:00:01,CORP-VOIP,36,5,-62,15.0,12.6,20
02:00:00:00:09:00:01,CORP-VOIP,36,5,-73,21.0,12.6,20
02:00:00:00:09:00:01,CORP-VOIP,36,5,-82,27.0,12.6,20
02:00:00:00:09:00:01,CORP-VOIP,36,5,-55,3.0,16.2,20
02:00:00:00:09:00:01,CORP-VOIP,36,5,-47,9.0,16.2,20
02:00:00:00:09:00:01,CORP-VOIP,36,5,-62,15.0,16.2,20
02:00:00:00:09:00:01,CORP-VOIP,36,5,-73,21.0,16.2,20
02:00:00:00:09:00:01,CORP-VOIP,36,5,-82,27.0,16.2,20
02:00:00:00:09:00:00,REDE-LAB,1,2.4,-74,3.0,1.8,20
02:00:00:00:09:00:00,REDE-LAB,1,2.4,-73,9.0,1.8,20
02:00:00:00:09:00:00,REDE-LAB,1,2.4,-76,15.0,1.8,20
02:00:00:00:09:00:00,REDE-LAB,1,2.4,-82,21.0,1.8,20
02:00:00:00:09:00:00,REDE-LAB,1,2.4,-88,27.0,1.8,20
02:00:00:00:09:00:00,REDE-LAB,1,2.4,-68,3.0,5.4,20
02:00:00:00:09:00:00,REDE-LAB,1,2.4,-66,9.0,5.4,20
02:00:00:00:09:00:00,REDE-LAB,1,2.4,-72,15.0,5.4,20
02:00:00:00:09:00:00,REDE-LAB,1,2.4,-79,21.0,5.4,20
02:00:00:00:09:00:00,REDE-LAB,1,2.4,-86,27.0,5.4,20
02:00:00:00:09:00:00,REDE-LAB,1,2.4,-61,3.0,9.0,20
02:00:00:00:09:00:00,REDE-LAB,1,2.4,-58,9.0,9.0,20
02:00:00:00:09:00:00,REDE-LAB,1,2.4,-67,15.0,9.0,20
02:00:00:00:09:00:00,REDE-LAB,1,2.4,-77,21.0,9.0,20
02:00:00:00:09:00:00,REDE-LAB,1,2.4,-85,27.0,9.0,20
02:00:00:00:09:00:00,REDE-LAB,1,2.4,-56,3.0,12.6,20
02:00:00:00:09:00:00,REDE-LAB,1,2.4,-46,9.0,12.6,20
02:00:00:00:09:00:00,REDE-LAB,1,2.4,-64,15.0,12.6,20
02:00:00:00:09:00:00,REDE-LAB,1,2.4,-75,21.0,12.6,20
02:00:00:00:09:00:00,REDE-LAB,1,2.4,-84,27.0,12.6,20
02:00:00:00:09:00:00,REDE-LAB,1,2.4,-57,3.0,16.2,20
02:00:00:00:09:00:00,REDE-LAB,1,2.4,-49,9.0,16.2,20
02:00:00:00:09:00:00,REDE-LAB,1,2.4,-64,15.0,16.2,20
02:00:00:00:09:00:00,REDE-LAB,1,2.4,-75,21.0,16.2,20
02:00:00:00:09:00:00,REDE-LAB,1,2.4,-84,27.0,16.2,20
02:00:00:00:09:00:01,REDE-LAB,36,5,-72,3.0,1.8,20
02:00:00:00:09:00:01,REDE-LAB,36,5,-71,9.0,1.8,20
02:00:00:00:09:00:01,REDE-LAB,36,5,-74,15.0,1.8,20
02:00:00:00:09:00:01,REDE-LAB,36,5,-80,21.0,1.8,20
02:00:00:00:09:00:01,REDE-LAB,36,5,-86,27.0,1.8,20
02:00:00:00:09:00:01,REDE-LAB,36,5,-66,3.0,5.4,20
02:00:00:00:09:00:01,REDE-LAB,36,5,-64,9.0,5.4,20
02:00:00:00:09:00:01,REDE-LAB,36,5,-70,15.0,5.4,20
02:00:00:00:09:00:01,REDE-LAB,36,5,-77,21.0,5.4,20
02:00:00:00:09:00:01,REDE-LAB,36,5,-84,27.0,5.4,20
02:00:00:00:09:00:01,REDE-LAB,36,5,-59,3.0,9.0,20
02:00:00:00:09:00:01,REDE-LAB,36,5,-56,9.0,9.0,20
02:00:00:00:09:00:01,REDE-LAB,36,5,-65,15.0,9.0,20
02:00:00:00:09:00:01,REDE-LAB,36,5,-75,21.0,9.0,20
02:00:00:00:09:00:01,REDE-LAB,36,5,-83,27.0,9.0,20
02:00:00:00:09:00:01,REDE-LAB,36,5,-54,3.0,12.6,20
02:00:00:00:09:00:01,REDE-LAB,36,5,-44,9.0,12.6,20
02:00:00:00:09:00:01,REDE-LAB,36,5,-62,15.0,12.6,20
02:00:00:00:09:00:01,REDE-LAB,36,5,-73,21.0,12.6,20
02:00:00:00:09:00:01,REDE-LAB,36,5,-82,27.0,12.6,20
02:00:00:00:09:00:01,REDE-LAB,36,5,-55,3.0,16.2,20
02:00:00:00:09:00:01,REDE-LAB,36,5,-47,9.0,16.2,20
02:00:00:00:09:00:01,REDE-LAB,36,5,-62,15.0,16.2,20
02:00:00:00:09:00:01,REDE-LAB,36,5,-73,21.0,16.2,20
02:00:00:00:09:00:01,REDE-LAB,36,5,-82,27.0,16.2,20
02:00:00:00:09:00:00,GUEST-LAB,1,2.4,-74,3.0,1.8,20
02:00:00:00:09:00:00,GUEST-LAB,1,2.4,-73,9.0,1.8,20
02:00:00:00:09:00:00,GUEST-LAB,1,2.4,-76,15.0,1.8,20
02:00:00:00:09:00:00,GUEST-LAB,1,2.4,-82,21.0,1.8,20
02:00:00:00:09:00:00,GUEST-LAB,1,2.4,-88,27.0,1.8,20
02:00:00:00:09:00:00,GUEST-LAB,1,2.4,-68,3.0,5.4,20
02:00:00:00:09:00:00,GUEST-LAB,1,2.4,-66,9.0,5.4,20
02:00:00:00:09:00:00,GUEST-LAB,1,2.4,-72,15.0,5.4,20
02:00:00:00:09:00:00,GUEST-LAB,1,2.4,-79,21.0,5.4,20
02:00:00:00:09:00:00,GUEST-LAB,1,2.4,-86,27.0,5.4,20
02:00:00:00:09:00:00,GUEST-LAB,1,2.4,-61,3.0,9.0,20
02:00:00:00:09:00:00,GUEST-LAB,1,2.4,-58,9.0,9.0,20
02:00:00:00:09:00:00,GUEST-LAB,1,2.4,-67,15.0,9.0,20
02:00:00:00:09:00:00,GUEST-LAB,1,2.4,-77,21.0,9.0,20
02:00:00:00:09:00:00,GUEST-LAB,1,2.4,-85,27.0,9.0,20
02:00:00:00:09:00:00,GUEST-LAB,1,2.4,-56,3.0,12.6,20
02:00:00:00:09:00:00,GUEST-LAB,1,2.4,-46,9.0,12.6,20
02:00:00:00:09:00:00,GUEST-LAB,1,2.4,-64,15.0,12.6,20
02:00:00:00:09:00:00,GUEST-LAB,1,2.4,-75,21.0,12.6,20
02:00:00:00:09:00:00,GUEST-LAB,1,2.4,-84,27.0,12.6,20
02:00:00:00:09:00:00,GUEST-LAB,1,2.4,-57,3.0,16.2,20
02:00:00:00:09:00:00,GUEST-LAB,1,2.4,-49,9.0,16.2,20
02:00:00:00:09:00:00,GUEST-LAB,1,2.4,-64,15.0,16.2,20
02:00:00:00:09:00:00,GUEST-LAB,1,2.4,-75,21.0,16.2,20
02:00:00:00:09:00:00,GUEST-LAB,1,2.4,-84,27.0,16.2,20
02:00:00:00:09:00:01,GUEST-LAB,36,5,-72,3.0,1.8,20
02:00:00:00:09:00:01,GUEST-LAB,36,5,-71,9.0,1.8,20
02:00:00:00:09:00:01,GUEST-LAB,36,5,-74,15.0,1.8,20
02:00:00:00:09:00:01,GUEST-LAB,36,5,-80,21.0,1.8,20
02:00:00:00:09:00:01,GUEST-LAB,36,5,-86,27.0,1.8,20
02:00:00:00:09:00:01,GUEST-LAB,36,5,-66,3.0,5.4,20
02:00:00:00:09:00:01,GUEST-LAB,36,5,-64,9.0,5.4,20
02:00:00:00:09:00:01,GUEST-LAB,36,5,-70,15.0,5.4,20
02:00:00:00:09:00:01,GUEST-LAB,36,5,-77,21.0,5.4,20
02:00:00:00:09:00:01,GUEST-LAB,36,5,-84,27.0,5.4,20
02:00:00:00:09:00:01,GUEST-LAB,36,5,-59,3.0,9.0,20
02:00:00:00:09:00:01,GUEST-LAB,36,5,-56,9.0,9.0,20
02:00:00:00:09:00:01,GUEST-LAB,36,5,-65,15.0,9.0,20
02:00:00:00:09:00:01,GUEST-LAB,36,5,-75,21.0,9.0,20
02:00:00:00:09:00:01,GUEST-LAB,36,5,-83,27.0,9.0,20
02:00:00:00:09:00:01,GUEST-LAB,36,5,-54,3.0,12.6,20
02:00:00:00:09:00:01,GUEST-LAB,36,5,-44,9.0,12.6,20
02:00:00:00:09:00:01,GUEST-LAB,36,5,-62,15.0,12.6,20
02:00:00:00:09:00:01,GUEST-LAB,36,5,-73,21.0,12.6,20
02:00:00:00:09:00:01,GUEST-LAB,36,5,-82,27.0,12.6,20
02:00:00:00:09:00:01,GUEST-LAB,36,5,-55,3.0,16.2,20
02:00:00:00:09:00:01,GUEST-LAB,36,5,-47,9.0,16.2,20
02:00:00:00:09:00:01,GUEST-LAB,36,5,-62,15.0,16.2,20
02:00:00:00:09:00:01,GUEST-LAB,36,5,-73,21.0,16.2,20
02:00:00:00:09:00:01,GUEST-LAB,36,5,-82,27.0,16.2,20
02:00:00:00:0a:00:00,CORP-CFTV,6,2.4,-75,3.0,1.8,20
02:00:00:00:0a:00:00,CORP-CFTV,6,2.4,-72,9.0,1.8,20
02:00:00:00:0a:00:00,CORP-CFTV,6,2.4,-73,15.0,1.8,20
02:00:00:00:0a:00:00,CORP-CFTV,6,2.4,-78,21.0,1.8,20
02:00:00:00:0a:00:00,CORP-CFTV,6,2.4,-84,27.0,1.8,20
02:00:00:00:0a:00:00,CORP-CFTV,6,2.4,-71,3.0,5.4,20
02:00:00:00:0a:00:00,CORP-CFTV,6,2.4,-64,9.0,5.4,20
02:00:00:00:0a:00:00,CORP-CFTV,6,2.4,-66,15.0,5.4,20
02:00:00:00:0a:00:00,CORP-CFTV,6,2.4,-74,21.0,5.4,20
02:00:00:00:0a:00:00,CORP-CFTV,6,2.4,-82,27.0,5.4,20
02:00:00:00:0a:00:00,CORP-CFTV,6,2.4,-66,3.0,9.0,20
02:00:00:00:0a:00:00,CORP-CFTV,6,2.4,-56,9.0,9.0,20
02:00:00:00:0a:00:00,CORP-CFTV,6,2.4,-59,15.0,9.0,20
02:00:00:00:0a:00:00,CORP-CFTV,6,2.4,-71,21.0,9.0,20
02:00:00:00:0a:00:00,CORP-CFTV,6,2.4,-80,27.0,9.0,20
02:00:00:00:0a:00:00,CORP-CFTV,6,2.4,-64,3.0,12.6,20
02:00:00:00:0a:00:00,CORP-CFTV,6,2.4,-44,9.0,12.6,20
02:00:00:00:0a:00:00,CORP-CFTV,6,2.4,-55,15.0,12.6,20
02:00:00:00:0a:00:00,CORP-CFTV,6,2.4,-69,21.0,12.6,20
02:00:00:00:0a:00:00,CORP-CFTV,6,2.4,-79,27.0,12.6,20
02:00:00:00:0a:00:00,CORP-CFTV,6,2.4,-65,3.0,16.2,20
02:00:00:00:0a:00:00,CORP-CFTV,6,2.4,-52,9.0,16.2,20
02:00:00:00:0a:00:00,CORP-CFTV,6,2.4,-57,15.0,16.2,20
02:00:00:00:0a:00:00,CORP-CFTV,6,2.4,-70,21.0,16.2,20
02:00:00:00:0a:00:00,CORP-CFTV,6,2.4,-79,27.0,16.2,20
02:00:00:00:0a:00:01,CORP-CFTV,52,5,-73,3.0,1.8,20
02:00:00:00:0a:00:01,CORP-CFTV,52,5,-70,9.0,1.8,20
02:00:00:00:0a:00:01,CORP-CFTV,52,5,-71,15.0,1.8,20
02:00:00:00:0a:00:01,CORP-CFTV,52,5,-76,21.0,1.8,20
02:00:00:00:0a:00:01,CORP-CFTV,52,5,-82,27.0,1.8,20
02:00:00:00:0a:00:01,CORP-CFTV,52,5,-69,3.0,5.4,20
02:00:00:00:0a:00:01,CORP-CFTV,52,5,-62,9.0,5.4,20
02:00:00:00:0a:00:01,CORP-CFTV,52,5,-64,15.0,5.4,20
02:00:00:00:0a:00:01,CORP-CFTV,52,5,-72,21.0,5.4,20
02:00:00:00:0a:00:01,CORP-CFTV,52,5,-80,27.0,5.4,20
02:00:00:00:0a:00:01,CORP-CFTV,52,5,-64,3.0,9.0,20
02:00:00:00:0a:00:01,CORP-CFTV,52,5,-54,9.0,9.0,20
02:00:00:00:0a:00:01,CORP-CFTV,52,5,-57,15.0,9.0,20
02:00:00:00:0a:00:01,CORP-CFTV,52,5,-69,21.0,9.0,20
02:00:00:00:0a:00:01,CORP-CFTV,52,5,-78,27.0,9.0,20
02:00:00:00:0a:00:01,CORP-CFTV,52,5,-62,3.0,12.6,20
02:00:00:00:0a:00:01,CORP-CFTV,52,5,-42,9.0,12.6,20
02:00:00:00:0a:00:01,CORP-CFTV,52,5,-53,15.0,12.6,20
02:00:00:00:0a:00:01,CORP-CFTV,52,5,-67,21.0,12.6,20
02:00:00:00:0a:00:01,CORP-CFTV,52,5,-77,27.0,12.6,20
02:00:00:00:0a:00:01,CORP-CFTV,52,5,-63,3.0,16.2,20
02:00:00:00:0a:00:01,CORP-CFTV,52,5,-50,9.0,16.2,20
02:00:00:00:0a:00:01,CORP-CFTV,52,5,-55,15.0,16.2,20
02:00:00:00:0a:00:01,CORP-CFTV,52,5,-68,21.0,16.2,20
02:00:00:00:0a:00:01,CORP-CFTV,52,5,-77,27.0,16.2,20
02:00:00:00:0a:00:00,LAB-SENSORNET,6,2.4,-75,3.0,1.8,20
02:00:00:00:0a:00:00,LAB-SENSORNET,6,2.4,-72,9.0,1.8,20
02:00:00:00:0a:00:00,LAB-SENSORNET,6,2.4,-73,15.0,1.8,20
02:00:00:00:0a:00:00,LAB-SENSORNET,6,2.4,-78,21.0,1.8,20
02:00:00:00:0a:00:00,LAB-SENSORNET,6,2.4,-84,27.0,1.8,20
02:00:00:00:0a:00:00,LAB-SENSORNET,6,2.4,-71,3.0,5.4,20
02:00:00:00:0a:00:00,LAB-SENSORNET,6,2.4,-64,9.0,5.4,20
02:00:00:00:0a:00:00,LAB-SENSORNET,6,2.4,-66,15.0,5.4,20
02:00:00:00:0a:00:00,LAB-SENSORNET,6,2.4,-74,21.0,5.4,20
02:00:00:00:0a:00:00,LAB-SENSORNET,6,2.4,-82,27.0,5.4,20
02:00:00:00:0a:00:00,LAB-SENSORNET,6,2.4,-66,3.0,9.0,20
02:00:00:00:0a:00:00,LAB-SENSORNET,6,2.4,-56,9.0,9.0,20
02:00:00:00:0a:00:00,LAB-SENSORNET,6,2.4,-59,15.0,9.0,20
02:00:00:00:0a:00:00,LAB-SENSORNET,6,2.4,-71,21.0,9.0,20
02:00:00:00:0a:00:00,LAB-SENSORNET,6,2.4,-80,27.0,9.0,20
02:00:00:00:0a:00:00,LAB-SENSORNET,6,2.4,-64,3.0,12.6,20
02:00:00:00:0a:00:00,LAB-SENSORNET,6,2.4,-44,9.0,12.6,20
02:00:00:00:0a:00:00,LAB-SENSORNET,6,2.4,-55,15.0,12.6,20
02:00:00:00:0a:00:00,LAB-SENSORNET,6,2.4,-69,21.0,12.6,20
02:00:00:00:0a:00:00,LAB-SENSORNET,6,2.4,-79,27.0,12.6,20
02:00:00:00:0a:00:00,LAB-SENSORNET,6,2.4,-65,3.0,16.2,20
02:00:00:00:0a:00:00,LAB-SENSORNET,6,2.4,-52,9.0,16.2,20
02:00:00:00:0a:00:00,LAB-SENSORNET,6,2.4,-57,15.0,16.2,20
02:00:00:00:0a:00:00,LAB-SENSORNET,6,2.4,-70,21.0,16.2,20
02:00:00:00:0a:00:00,LAB-SENSORNET,6,2.4,-79,27.0,16.2,20
02:00:00:00:0a:00:01,LAB-SENSORNET,52,5,-73,3.0,1.8,20
02:00:00:00:0a:00:01,LAB-SENSORNET,52,5,-70,9.0,1.8,20
02:00:00:00:0a:00:01,LAB-SENSORNET,52,5,-71,15.0,1.8,20
02:00:00:00:0a:00:01,LAB-SENSORNET,52,5,-76,21.0,1.8,20
02:00:00:00:0a:00:01,LAB-SENSORNET,52,5,-82,27.0,1.8,20
02:00:00:00:0a:00:01,LAB-SENSORNET,52,5,-69,3.0,5.4,20
02:00:00:00:0a:00:01,LAB-SENSORNET,52,5,-62,9.0,5.4,20
02:00:00:00:0a:00:01,LAB-SENSORNET,52,5,-64,15.0,5.4,20
02:00:00:00:0a:00:01,LAB-SENSORNET,52,5,-72,21.0,5.4,20
02:00:00:00:0a:00:01,LAB-SENSORNET,52,5,-80,27.0,5.4,20
02:00:00:00:0a:00:01,LAB-SENSORNET,52,5,-64,3.0,9.0,20
02:00:00:00:0a:00:01,LAB-SENSORNET,52,5,-54,9.0,9.0,20
02:00:00:00:0a:00:01,LAB-SENSORNET,52,5,-57,15.0,9.0,20
02:00:00:00:0a:00:01,LAB-SENSORNET,52,5,-69,21.0,9.0,20
02:00:00:00:0a:00:01,LAB-SENSORNET,52,5,-78,27.0,9.0,20
02:00:00:00:0a:00:01,LAB-SENSORNET,52,5,-62,3.0,12.6,20
02:00:00:00:0a:00:01,LAB-SENSORNET,52,5,-42,9.0,12.6,20
02:00:00:00:0a:00:01,LAB-SENSORNET,52,5,-53,15.0,12.6,20
02:00:00:00:0a:00:01,LAB-SENSORNET,52,5,-67,21.0,12.6,20
02:00:00:00:0a:00:01,LAB-SENSORNET,52,5,-77,27.0,12.6,20
02:00:00:00:0a:00:01,LAB-SENSORNET,52,5,-63,3.0,16.2,20
02:00:00:00:0a:00:01,LAB-SENSORNET,52,5,-50,9.0,16.2,20
02:00:00:00:0a:00:01,LAB-SENSORNET,52,5,-55,15.0,16.2,20
02:00:00:00:0a:00:01,LAB-SENSORNET,52,5,-68,21.0,16.2,20
02:00:00:00:0a:00:01,LAB-SENSORNET,52,5,-77,27.0,16.2,20
02:00:00:00:0a:00:00,CORP-TI,6,2.4,-75,3.0,1.8,20
02:00:00:00:0a:00:00,CORP-TI,6,2.4,-72,9.0,1.8,20
02:00:00:00:0a:00:00,CORP-TI,6,2.4,-73,15.0,1.8,20
02:00:00:00:0a:00:00,CORP-TI,6,2.4,-78,21.0,1.8,20
02:00:00:00:0a:00:00,CORP-TI,6,2.4,-84,27.0,1.8,20
02:00:00:00:0a:00:00,CORP-TI,6,2.4,-71,3.0,5.4,20
02:00:00:00:0a:00:00,CORP-TI,6,2.4,-64,9.0,5.4,20
02:00:00:00:0a:00:00,CORP-TI,6,2.4,-66,15.0,5.4,20
02:00:00:00:0a:00:00,CORP-TI,6,2.4,-74,21.0,5.4,20
02:00:00:00:0a:00:00,CORP-TI,6,2.4,-82,27.0,5.4,20
02:00:00:00:0a:00:00,CORP-TI,6,2.4,-66,3.0,9.0,20
02:00:00:00:0a:00:00,CORP-TI,6,2.4,-56,9.0,9.0,20
02:00:00:00:0a:00:00,CORP-TI,6,2.4,-59,15.0,9.0,20
02:00:00:00:0a:00:00,CORP-TI,6,2.4,-71,21.0,9.0,20
02:00:00:00:0a:00:00,CORP-TI,6,2.4,-80,27.0,9.0,20
02:00:00:00:0a:00:00,CORP-TI,6,2.4,-64,3.0,12.6,20
02:00:00:00:0a:00:00,CORP-TI,6,2.4,-44,9.0,12.6,20
02:00:00:00:0a:00:00,CORP-TI,6,2.4,-55,15.0,12.6,20
02:00:00:00:0a:00:00,CORP-TI,6,2.4,-69,21.0,12.6,20
02:00:00:00:0a:00:00,CORP-TI,6,2.4,-79,27.0,12.6,20
02:00:00:00:0a:00:00,CORP-TI,6,2.4,-65,3.0,16.2,20
02:00:00:00:0a:00:00,CORP-TI,6,2.4,-52,9.0,16.2,20
02:00:00:00:0a:00:00,CORP-TI,6,2.4,-57,15.0,16.2,20
02:00:00:00:0a:00:00,CORP-TI,6,2.4,-70,21.0,16.2,20
02:00:00:00:0a:00:00,CORP-TI,6,2.4,-79,27.0,16.2,20
02:00:00:00:0a:00:01,CORP-TI,52,5,-73,3.0,1.8,20
02:00:00:00:0a:00:01,CORP-TI,52,5,-70,9.0,1.8,20
02:00:00:00:0a:00:01,CORP-TI,52,5,-71,15.0,1.8,20
02:00:00:00:0a:00:01,CORP-TI,52,5,-76,21.0,1.8,20
02:00:00:00:0a:00:01,CORP-TI,52,5,-82,27.0,1.8,20
02:00:00:00:0a:00:01,CORP-TI,52,5,-69,3.0,5.4,20
02:00:00:00:0a:00:01,CORP-TI,52,5,-62,9.0,5.4,20
02:00:00:00:0a:00:01,CORP-TI,52,5,-64,15.0,5.4,20
02:00:00:00:0a:00:01,CORP-TI,52,5,-72,21.0,5.4,20
02:00:00:00:0a:00:01,CORP-TI,52,5,-80,27.0,5.4,20
02:00:00:00:0a:00:01,CORP-TI,52,5,-64,3.0,9.0,20
02:00:00:00:0a:00:01,CORP-TI,52,5,-54,9.0,9.0,20
02:00:00:00:0a:00:01,CORP-TI,52,5,-57,15.0,9.0,20
02:00:00:00:0a:00:01,CORP-TI,52,5,-69,21.0,9.0,20
02:00:00:00:0a:00:01,CORP-TI,52,5,-78,27.0,9.0,20
02:00:00:00:0a:00:01,CORP-TI,52,5,-62,3.0,12.6,20
02:00:00:00:0a:00:01,CORP-TI,52,5,-42,9.0,12.6,20
02:00:00:00:0a:00:01,CORP-TI,52,5,-53,15.0,12.6,20
02:00:00:00:0a:00:01,CORP-TI,52,5,-67,21.0,12.6,20
02:00:00:00:0a:00:01,CORP-TI,52,5,-77,27.0,12.6,20
02:00:00:00:0a:00:01,CORP-TI,52,5,-63,3.0,16.2,20
02:00:00:00:0a:00:01,CORP-TI,52,5,-50,9.0,16.2,20
02:00:00:00:0a:00:01,CORP-TI,52,5,-55,15.0,16.2,20
02:00:00:00:0a:00:01,CORP-TI,52,5,-68,21.0,16.2,20
02:00:00:00:0a:00:01,CORP-TI,52,5,-77,27.0,16.2,20
02:00:00:00:0b:00:00,CORP-VISITANTES,11,2.4,-94,3.0,1.8,20
02:00:00:00:0b:00:00,CORP-VISITANTES,11,2.4,-88,9.0,1.8,20
02:00:00:00:0b:00:00,CORP-VISITANTES,11,2.4,-82,15.0,1.8,20
02:00:00:00:0b:00:00,CORP-VISITANTES,11,2.4,-78,21.0,1.8,20
02:00:00:00:0b:00:00,CORP-VISITANTES,11,2.4,-75,27.0,1.8,20
02:00:00:00:0b:00:00,CORP-VISITANTES,11,2.4,-92,3.0,5.4,20
02:00:00:00:0b:00:00,CORP-VISITANTES,11,2.4,-86,9.0,5.4,20
02:00:00:00:0b:00:00,CORP-VISITANTES,11,2.4,-79,15.0,5.4,20
02:00:00:00:0b:00:00,CORP-VISITANTES,11,2.4,-72,21.0,5.4,20
02:00:00:00:0b:00:00,CORP-VISITANTES,11,2.4,-69,27.0,5.4,20
02:00:00:00:0b:00:00,CORP-VISITANTES,11,2.4,-91,3.0,9.0,20
02:00:00:00:0b:00:00,CORP-VISITANTES,11,2.4,-84,9.0,9.0,20
02:00:00:00:0b:00:00,CORP-VISITANTES,11,2.4,-76,15.0,9.0,20
02:00:00:00:0b:00:00,CORP-VISITANTES,11,2.4,-67,21.0,9.0,20
02:00:00:00:0b:00:00,CORP-VISITANTES,11,2.4,-61,27.0,9.0,20
02:00:00:00:0b:00:00,CORP-VISITANTES,11,2.4,-90,3.0,12.6,20
02:00:00:00:0b:00:00,CORP-VISITANTES,11,2.4,-83,9.0,12.6,20
02:00:00:00:0b:00:00,CORP-VISITANTES,11,2.4,-74,15.0,12.6,20
02:00:00:00:0b:00:00,CORP-VISITANTES,11,2.4,-62,21.0,12.6,20
02:00:00:00:0b:00:00,CORP-VISITANTES,11,2.4,-50,27.0,12.6,20
02:00:00:00:0b:00:00,CORP-VISITANTES,11,2.4,-90,3.0,16.2,20
02:00:00:00:0b:00:00,CORP-VISITANTES,11,2.4,-82,9.0,16.2,20
02:00:00:00:0b:00:00,CORP-VISITANTES,11,2.4,-73,15.0,16.2,20
02:00:00:00:0b:00:00,CORP-VISITANTES,11,2.4,-61,21.0,16.2,20
02:00:00:00:0b:00:00,CORP-VISITANTES,11,2.4,-36,27.0,16.2,20
02:00:00:00:0b:00:01,CORP-VISITANTES,52,5,-92,3.0,1.8,20
02:00:00:00:0b:00:01,CORP-VISITANTES,52,5,-86,9.0,1.8,20
02:00:00:00:0b:00:01,CORP-VISITANTES,52,5,-80,15.0,1.8,20
02:00:00:00:0b:00:01,CORP-VISITANTES,52,5,-76,21.0,1.8,20
02:00:00:00:0b:00:01,CORP-VISITANTES,52,5,-73,27.0,1.8,20
02:00:00:00:0b:00:01,CORP-VISITANTES,52,5,-90,3.0,5.4,20
02:00:00:00:0b:00:01,CORP-VISITANTES,52,5,-84,9.0,5.4,20
02:00:00:00:0b:00:01,CORP-VISITANTES,52,5,-77,15.0,5.4,20
02:00:00:00:0b:00:01,CORP-VISITANTES,52,5,-70,21.0,5.4,20
02:00:00:00:0b:00:01,CORP-VISITANTES,52,5,-67,27.0,5.4,20
02:00:00:00:0b:00:01,CORP-VISITANTES,52,5,-89,3.0,9.0,20
02:00:00:00:0b:00:01,CORP-VISITANTES,52,5,-82,9.0,9.0,20
02:00:00:00:0b:00:01,CORP-VISITANTES,52,5,-74,15.0,9.0,20
02:00:00:00:0b:00:01,CORP-VISITANTES,52,5,-65,21.0,9.0,20
02:00:00:00:0b:00:01,CORP-VISITANTES,52,5,-59,27.0,9.0,20
02:00:00:00:0b:00:01,CORP-VISITANTES,52,5,-88,3.0,12.6,20
02:00:00:00:0b:00:01,CORP-VISITANTES,52,5,-81,9.0,12.6,20
02:00:00:00:0b:00:01,CORP-VISITANTES,52,5,-72,15.0,12.6,20
02:00:00:00:0b:00:01,CORP-VISITANTES,52,5,-60,21.0,12.6,20
02:00:00:00:0b:00:01,CORP-VISITANTES,52,5,-48,27.0,12.6,20
02:00:00:00:0b:00:01,CORP-VISITANTES,52,5,-88,3.0,16.2,20
02:00:00:00:0b:00:01,CORP-VISITANTES,52,5,-80,9.0,16.2,20
02:00:00:00:0b:00:01,CORP-VISITANTES,52,5,-71,15.0,16.2,20
02:00:00:00:0b:00:01,CORP-VISITANTES,52,5,-59,21.0,16.2,20
02:00:00:00:0b:00:01,CORP-VISITANTES,52,5,-34,27.0,16.2,20
02:00:00:00:0b:00:00,CORP-IOT,11,2.4,-94,3.0,1.8,20
02:00:00:00:0b:00:00,CORP-IOT,11,2.4,-88,9.0,1.8,20
02:00:00:00:0b:00:00,CORP-IOT,11,2.4,-82,15.0,1.8,20
02:00:00:00:0b:00:00,CORP-IOT,11,2.4,-78,21.0,1.8,20
02:00:00:00:0b:00:00,CORP-IOT,11,2.4,-75,27.0,1.8,20
02:00:00:00:0b:00:00,CORP-IOT,11,2.4,-92,3.0,5.4,20
02:00:00:00:0b:00:00,CORP-IOT,11,2.4,-86,9.0,5.4,20
02:00:00:00:0b:00:00,CORP-IOT,11,2.4,-79,15.0,5.4,20
02:00:00:00:0b:00:00,CORP-IOT,11,2.4,-72,21.0,5.4,20
02:00:00:00:0b:00:00,CORP-IOT,11,2.4,-69,27.0,5.4,20
02:00:00:00:0b:00:00,CORP-IOT,11,2.4,-91,3.0,9.0,20
02:00:00:00:0b:00:00,CORP-IOT,11,2.4,-84,9.0,9.0,20
02:00:00:00:0b:00:00,CORP-IOT,11,2.4,-76,15.0,9.0,20
02:00:00:00:0b:00:00,CORP-IOT,11,2.4,-67,21.0,9.0,20
02:00:00:00:0b:00:00,CORP-IOT,11,2.4,-61,27.0,9.0,20
02:00:00:00:0b:00:00,CORP-IOT,11,2.4,-90,3.0,12.6,20
02:00:00:00:0b:00:00,CORP-IOT,11,2.4,-83,9.0,12.6,20
02:00:00:00:0b:00:00,CORP-IOT,11,2.4,-74,15.0,12.6,20
02:00:00:00:0b:00:00,CORP-IOT,11,2.4,-62,21.0,12.6,20
02:00:00:00:0b:00:00,CORP-IOT,11,2.4,-50,27.0,12.6,20
02:00:00:00:0b:00:00,CORP-IOT,11,2.4,-90,3.0,16.2,20
02:00:00:00:0b:00:00,CORP-IOT,11,2.4,-82,9.0,16.2,20
02:00:00:00:0b:00:00,CORP-IOT,11,2.4,-73,15.0,16.2,20
02:00:00:00:0b:00:00,CORP-IOT,11,2.4,-61,21.0,16.2,20
02:00:00:00:0b:00:00,CORP-IOT,11,2.4,-36,27.0,16.2,20
02:00:00:00:0b:00:01,CORP-IOT,52,5,-92,3.0,1.8,20
02:00:00:00:0b:00:01,CORP-IOT,52,5,-86,9.0,1.8,20
02:00:00:00:0b:00:01,CORP-IOT,52,5,-80,15.0,1.8,20
02:00:00:00:0b:00:01,CORP-IOT,52,5,-76,21.0,1.8,20
02:00:00:00:0b:00:01,CORP-IOT,52,5,-73,27.0,1.8,20
02:00:00:00:0b:00:01,CORP-IOT,52,5,-90,3.0,5.4,20
02:00:00:00:0b:00:01,CORP-IOT,52,5,-84,9.0,5.4,20
02:00:00:00:0b:00:01,CORP-IOT,52,5,-77,15.0,5.4,20
02:00:00:00:0b:00:01,CORP-IOT,52,5,-70,21.0,5.4,20
02:00:00:00:0b:00:01,CORP-IOT,52,5,-67,27.0,5.4,20
02:00:00:00:0b:00:01,CORP-IOT,52,5,-89,3.0,9.0,20
02:00:00:00:0b:00:01,CORP-IOT,52,5,-82,9.0,9.0,20
02:00:00:00:0b:00:01,CORP-IOT,52,5,-74,15.0,9.0,20
02:00:00:00:0b:00:01,CORP-IOT,52,5,-65,21.0,9.0,20
02:00:00:00:0b:00:01,CORP-IOT,52,5,-59,27.0,9.0,20
02:00:00:00:0b:00:01,CORP-IOT,52,5,-88,3.0,12.6,20
02:00:00:00:0b:00:01,CORP-IOT,52,5,-81,9.0,12.6,20
02:00:00:00:0b:00:01,CORP-IOT,52,5,-72,15.0,12.6,20
02:00:00:00:0b:00:01,CORP-IOT,52,5,-60,21.0,12.6,20
02:00:00:00:0b:00:01,CORP-IOT,52,5,-48,27.0,12.6,20
02:00:00:00:0b:00:01,CORP-IOT,52,5,-88,3.0,16.2,20
02:00:00:00:0b:00:01,CORP-IOT,52,5,-80,9.0,16.2,20
02:00:00:00:0b:00:01,CORP-IOT,52,5,-71,15.0,16.2,20
02:00:00:00:0b:00:01,CORP-IOT,52,5,-59,21.0,16.2,20
02:00:00:00:0b:00:01,CORP-IOT,52,5,-34,27.0,16.2,20
02:00:00:00:0b:00:00,CORP-VOIP,11,2.4,-94,3.0,1.8,20
02:00:00:00:0b:00:00,CORP-VOIP,11,2.4,-88,9.0,1.8,20
02:00:00:00:0b:00:00,CORP-VOIP,11,2.4,-82,15.0,1.8,20
02:00:00:00:0b:00:00,CORP-VOIP,11,2.4,-78,21.0,1.8,20
02:00:00:00:0b:00:00,CORP-VOIP,11,2.4,-75,27.0,1.8,20
02:00:00:00:0b:00:00,CORP-VOIP,11,2.4,-92,3.0,5.4,20
02:00:00:00:0b:00:00,CORP-VOIP,11,2.4,-86,9.0,5.4,20
02:00:00:00:0b:00:00,CORP-VOIP,11,2.4,-79,15.0,5.4,20
02:00:00:00:0b:00:00,CORP-VOIP,11,2.4,-72,21.0,5.4,20
02:00:00:00:0b:00:00,CORP-VOIP,11,2.4,-69,27.0,5.4,20
02:00:00:00:0b:00:00,CORP-VOIP,11,2.4,-91,3.0,9.0,20
02:00:00:00:0b:00:00,CORP-VOIP,11,2.4,-84,9.0,9.0,20
02:00:00:00:0b:00:00,CORP-VOIP,11,2.4,-76,15.0,9.0,20
02:00:00:00:0b:00:00,CORP-VOIP,11,2.4,-67,21.0,9.0,20
02:00:00:00:0b:00:00,CORP-VOIP,11,2.4,-61,27.0,9.0,20
02:00:00:00:0b:00:00,CORP-VOIP,11,2.4,-90,3.0,12.6,20
02:00:00:00:0b:00:00,CORP-VOIP,11,2.4,-83,9.0,12.6,20
02:00:00:00:0b:00:00,CORP-VOIP,11,2.4,-74,15.0,12.6,20
02:00:00:00:0b:00:00,CORP-VOIP,11,2.4,-62,21.0,12.6,20
02:00:00:00:0b:00:00,CORP-VOIP,11,2.4,-50,27.0,12.6,20
02:00:00:00:0b:00:00,CORP-VOIP,11,2.4,-90,3.0,16.2,20
02:00:00:00:0b:00:00,CORP-VOIP,11,2.4,-82,9.0,16.2,20
02:00:00:00:0b:00:00,CORP-VOIP,11,2.4,-73,15.0,16.2,20
02:00:00:00:0b:00:00,CORP-VOIP,11,2.4,-61,21.0,16.2,20
02:00:00:00:0b:00:00,CORP-VOIP,11,2.4,-36,27.0,16.2,20
02:00:00:00:0b:00:01,CORP-VOIP,52,5,-92,3.0,1.8,20
02:00:00:00:0b:00:01,CORP-VOIP,52,5,-86,9.0,1.8,20
02:00:00:00:0b:00:01,CORP-VOIP,52,5,-80,15.0,1.8,20
02:00:00:00:0b:00:01,CORP-VOIP,52,5,-76,21.0,1.8,20
02:00:00:00:0b:00:01,CORP-VOIP,52,5,-73,27.0,1.8,20
02:00:00:00:0b:00:01,CORP-VOIP,52,5,-90,3.0,5.4,20
02:00:00:00:0b:00:01,CORP-VOIP,52,5,-84,9.0,5.4,20
02:00:00:00:0b:00:01,CORP-VOIP,52,5,-77,15.0,5.4,20
02:00:00:00:0b:00:01,CORP-VOIP,52,5,-70,21.0,5.4,20
02:00:00:00:0b:00:01,CORP-VOIP,52,5,-67,27.0,5.4,20
02:00:00:00:0b:00:01,CORP-VOIP,52,5,-89,3.0,9.0,20
02:00:00:00:0b:00:01,CORP-VOIP,52,5,-82,9.0,9.0,20
02:00:00:00:0b:00:01,CORP-VOIP,52,5,-74,15.0,9.0,20
02:00:00:00:0b:00:01,CORP-VOIP,52,5,-65,21.0,9.0,20
02:00:00:00:0b:00:01,CORP-VOIP,52,5,-59,27.0,9.0,20
02:00:00:00:0b:00:01,CORP-VOIP,52,5,-88,3.0,12.6,20
02:00:00:00:0b:00:01,CORP-VOIP,52,5,-81,9.0,12.6,20
02:00:00:00:0b:00:01,CORP-VOIP,52,5,-72,15.0,12.6,20
02:00:00:00:0b:00:01,CORP-VOIP,52,5,-60,21.0,12.6,20
02:00:00:00:0b:00:01,CORP-VOIP,52,5,-48,27.0,12.6,20
02:00:00:00:0b:00:01,CORP-VOIP,52,5,-88,3.0,16.2,20
02:00:00:00:0b:00:01,CORP-VOIP,52,5,-80,9.0,16.2,20
02:00:00:00:0b:00:01,CORP-VOIP,52,5,-71,15.0,16.2,20
02:00:00:00:0b:00:01,CORP-VOIP,52,5,-59,21.0,16.2,20
02:00:00:00:0b:00:01,CORP-VOIP,52,5,-34,27.0,16.2,20
